"STATION","NAME","DATE","PRCP","SNWD"
"USS0011J42S","SNOWBIRD, UT US","2018-01-01","0.00","25.0"
"USS0011J42S","SNOWBIRD, UT US","2018-01-02","0.00","23.0"
"USS0011J42S","SNOWBIRD, UT US","2018-01-03","0.00","23.0"
"USS0011J42S","SNOWBIRD, UT US","2018-01-04","0.00","23.0"
"USS0011J42S","SNOWBIRD, UT US","2018-01-05","0.00","23.0"
"USS0011J42S","SNOWBIRD, UT US","2018-01-06","0.50","27.0"
"USS0011J42S","SNOWBIRD, UT US","2018-01-07","0.00","27.0"
"USS0011J42S","SNOWBIRD, UT US","2018-01-08","0.00","26.0"
"USS0011J42S","SNOWBIRD, UT US","2018-01-09","1.00","31.0"
"USS0011J42S","SNOWBIRD, UT US","2018-01-10","1.00","36.0"
"USS0011J42S","SNOWBIRD, UT US","2018-01-11","0.20","36.0"
"USS0011J42S","SNOWBIRD, UT US","2018-01-12","0.00","36.0"
"USS0011J42S","SNOWBIRD, UT US","2018-01-13","0.00","35.0"
"USS0011J42S","SNOWBIRD, UT US","2018-01-14","0.00","34.0"
"USS0011J42S","SNOWBIRD, UT US","2018-01-15","0.00","34.0"
"USS0011J42S","SNOWBIRD, UT US","2018-01-16","0.00","34.0"
"USS0011J42S","SNOWBIRD, UT US","2018-01-17","0.00","33.0"
"USS0011J42S","SNOWBIRD, UT US","2018-01-18","0.00","32.0"
"USS0011J42S","SNOWBIRD, UT US","2018-01-19","0.30","34.0"
"USS0011J42S","SNOWBIRD, UT US","2018-01-20","0.60","40.0"
"USS0011J42S","SNOWBIRD, UT US","2018-01-21","0.20","42.0"
"USS0011J42S","SNOWBIRD, UT US","2018-01-22","0.00","42.0"
"USS0011J42S","SNOWBIRD, UT US","2018-01-23","0.00","39.0"
"USS0011J42S","SNOWBIRD, UT US","2018-01-24","0.00","39.0"
"USS0011J42S","SNOWBIRD, UT US","2018-01-25","0.40","41.0"
"USS0011J42S","SNOWBIRD, UT US","2018-01-26","0.50","44.0"
"USS0011J42S","SNOWBIRD, UT US","2018-01-27","0.00","42.0"
"USS0011J42S","SNOWBIRD, UT US","2018-01-28","0.00","41.0"
"USS0011J42S","SNOWBIRD, UT US","2018-01-29","0.00","40.0"
"USS0011J42S","SNOWBIRD, UT US","2018-01-30","0.00","39.0"
"USS0011J42S","SNOWBIRD, UT US","2018-01-31","0.00","39.0"
"USS0011J42S","SNOWBIRD, UT US","2018-02-01","0.00","38.0"
"USS0011J42S","SNOWBIRD, UT US","2018-02-02","0.00","37.0"
"USS0011J42S","SNOWBIRD, UT US","2018-02-03","0.00","37.0"
"USS0011J42S","SNOWBIRD, UT US","2018-02-04","0.00","38.0"
"USS0011J42S","SNOWBIRD, UT US","2018-02-05","0.30","40.0"
"USS0011J42S","SNOWBIRD, UT US","2018-02-06","0.20","41.0"
"USS0011J42S","SNOWBIRD, UT US","2018-02-07","0.00","40.0"
"USS0011J42S","SNOWBIRD, UT US","2018-02-08","0.00","40.0"
"USS0011J42S","SNOWBIRD, UT US","2018-02-09","0.00","39.0"
"USS0011J42S","SNOWBIRD, UT US","2018-02-10","0.40","42.0"
"USS0011J42S","SNOWBIRD, UT US","2018-02-11","0.00","40.0"
"USS0011J42S","SNOWBIRD, UT US","2018-02-12","0.30","43.0"
"USS0011J42S","SNOWBIRD, UT US","2018-02-13","0.00","42.0"
"USS0011J42S","SNOWBIRD, UT US","2018-02-14","0.20","46.0"
"USS0011J42S","SNOWBIRD, UT US","2018-02-15","0.50","51.0"
"USS0011J42S","SNOWBIRD, UT US","2018-02-16","0.00","47.0"
"USS0011J42S","SNOWBIRD, UT US","2018-02-17","0.00","45.0"
"USS0011J42S","SNOWBIRD, UT US","2018-02-18","0.60","53.0"
"USS0011J42S","SNOWBIRD, UT US","2018-02-19","0.60","57.0"
"USS0011J42S","SNOWBIRD, UT US","2018-02-20","0.00","58.0"
"USS0011J42S","SNOWBIRD, UT US","2018-02-21","0.00","56.0"
"USS0011J42S","SNOWBIRD, UT US","2018-02-22","0.40","59.0"
"USS0011J42S","SNOWBIRD, UT US","2018-02-23","0.10","57.0"
"USS0011J42S","SNOWBIRD, UT US","2018-02-24","0.30","61.0"
"USS0011J42S","SNOWBIRD, UT US","2018-02-25","0.20","59.0"
"USS0011J42S","SNOWBIRD, UT US","2018-02-26","0.20","58.0"
"USS0011J42S","SNOWBIRD, UT US","2018-02-27","0.00","57.0"
"USS0011J42S","SNOWBIRD, UT US","2018-02-28","0.00","56.0"
"USS0011J42S","SNOWBIRD, UT US","2018-03-01","0.20","59.0"
"USS0011J42S","SNOWBIRD, UT US","2018-03-02","0.00","54.0"
"USS0011J42S","SNOWBIRD, UT US","2018-03-03","0.00","56.0"
"USS0011J42S","SNOWBIRD, UT US","2018-03-04","1.40","73.0"
"USS0011J42S","SNOWBIRD, UT US","2018-03-05","0.00","70.0"
"USS0011J42S","SNOWBIRD, UT US","2018-03-06","0.00","67.0"
"USS0011J42S","SNOWBIRD, UT US","2018-03-07","0.00","64.0"
"USS0011J42S","SNOWBIRD, UT US","2018-03-08","0.00","62.0"
"USS0011J42S","SNOWBIRD, UT US","2018-03-09","0.00","61.0"
"USS0011J42S","SNOWBIRD, UT US","2018-03-10","0.00","60.0"
"USS0011J42S","SNOWBIRD, UT US","2018-03-11","0.00","58.0"
"USS0011J42S","SNOWBIRD, UT US","2018-03-12","0.00","57.0"
"USS0011J42S","SNOWBIRD, UT US","2018-03-13","0.00","56.0"
"USS0011J42S","SNOWBIRD, UT US","2018-03-14","1.80","65.0"
"USS0011J42S","SNOWBIRD, UT US","2018-03-15","0.80","71.0"
"USS0011J42S","SNOWBIRD, UT US","2018-03-16","0.20","71.0"
"USS0011J42S","SNOWBIRD, UT US","2018-03-17","1.30","80.0"
"USS0011J42S","SNOWBIRD, UT US","2018-03-18","0.20","78.0"
"USS0011J42S","SNOWBIRD, UT US","2018-03-19","0.00","75.0"
"USS0011J42S","SNOWBIRD, UT US","2018-03-20","0.00","72.0"
"USS0011J42S","SNOWBIRD, UT US","2018-03-21","0.00","69.0"
"USS0011J42S","SNOWBIRD, UT US","2018-03-22","2.00","76.0"
"USS0011J42S","SNOWBIRD, UT US","2018-03-23","0.20","72.0"
"USS0011J42S","SNOWBIRD, UT US","2018-03-24","0.00","69.0"
"USS0011J42S","SNOWBIRD, UT US","2018-03-25","0.20","68.0"
"USS0011J42S","SNOWBIRD, UT US","2018-03-26","0.20","67.0"
"USS0011J42S","SNOWBIRD, UT US","2018-03-27","0.10","69.0"
"USS0011J42S","SNOWBIRD, UT US","2018-03-28","0.10","70.0"
"USS0011J42S","SNOWBIRD, UT US","2018-03-29","0.00","68.0"
"USS0011J42S","SNOWBIRD, UT US","2018-03-30","0.00","67.0"
"USS0011J42S","SNOWBIRD, UT US","2018-03-31","0.00","65.0"
"USS0011J42S","SNOWBIRD, UT US","2018-04-01","0.00","64.0"
"USS0011J42S","SNOWBIRD, UT US","2018-04-02","0.40","65.0"
"USS0011J42S","SNOWBIRD, UT US","2018-04-03","0.00","65.0"
"USS0011J42S","SNOWBIRD, UT US","2018-04-04","0.00","64.0"
"USS0011J42S","SNOWBIRD, UT US","2018-04-05","0.00","63.0"
"USS0011J42S","SNOWBIRD, UT US","2018-04-06","0.70","66.0"
"USS0011J42S","SNOWBIRD, UT US","2018-04-07","0.70","64.0"
"USS0011J42S","SNOWBIRD, UT US","2018-04-08","0.40","66.0"
"USS0011J42S","SNOWBIRD, UT US","2018-04-09","0.00","66.0"
"USS0011J42S","SNOWBIRD, UT US","2018-04-10","0.00","63.0"
"USS0011J42S","SNOWBIRD, UT US","2018-04-11","0.00","61.0"
"USS0011J42S","SNOWBIRD, UT US","2018-04-12","1.00","67.0"
"USS0011J42S","SNOWBIRD, UT US","2018-04-13","0.90","78.0"
"USS0011J42S","SNOWBIRD, UT US","2018-04-14","0.00","70.0"
"USS0011J42S","SNOWBIRD, UT US","2018-04-15","0.00","68.0"
"USS0011J42S","SNOWBIRD, UT US","2018-04-16","0.00","67.0"
"USS0011J42S","SNOWBIRD, UT US","2018-04-17","0.90","77.0"
"USS0011J42S","SNOWBIRD, UT US","2018-04-18","0.00","72.0"
"USS0011J42S","SNOWBIRD, UT US","2018-04-19","0.00","70.0"
"USS0011J42S","SNOWBIRD, UT US","2018-04-20","0.00","70.0"
"USS0011J42S","SNOWBIRD, UT US","2018-04-21","0.00","67.0"
"USS0011J42S","SNOWBIRD, UT US","2018-04-22","0.00","64.0"
"USS0011J42S","SNOWBIRD, UT US","2018-04-23","0.00","62.0"
"USS0011J42S","SNOWBIRD, UT US","2018-04-24","0.00","60.0"
"USS0011J42S","SNOWBIRD, UT US","2018-04-25","0.00","58.0"
"USS0011J42S","SNOWBIRD, UT US","2018-04-26","0.00","55.0"
"USS0011J42S","SNOWBIRD, UT US","2018-04-27","0.00","53.0"
"USS0011J42S","SNOWBIRD, UT US","2018-04-28","0.00","50.0"
"USS0011J42S","SNOWBIRD, UT US","2018-04-29","0.00","48.0"
"USS0011J42S","SNOWBIRD, UT US","2018-04-30","0.60","55.0"
"USS0011J42S","SNOWBIRD, UT US","2018-05-01","0.00","52.0"
"USS0011J42S","SNOWBIRD, UT US","2018-05-02","0.60","58.0"
"USS0011J42S","SNOWBIRD, UT US","2018-05-03","0.00","54.0"
"USS0011J42S","SNOWBIRD, UT US","2018-05-04","0.00","50.0"
"USS0011J42S","SNOWBIRD, UT US","2018-05-05","0.00","48.0"
"USS0011J42S","SNOWBIRD, UT US","2018-05-06","0.00","44.0"
"USS0011J42S","SNOWBIRD, UT US","2018-05-07","0.00","41.0"
"USS0011J42S","SNOWBIRD, UT US","2018-05-08","0.00","37.0"
"USS0011J42S","SNOWBIRD, UT US","2018-05-09","0.00","35.0"
"USS0011J42S","SNOWBIRD, UT US","2018-05-10","0.00","33.0"
"USS0011J42S","SNOWBIRD, UT US","2018-05-11","0.70","35.0"
"USS0011J42S","SNOWBIRD, UT US","2018-05-12","0.10","36.0"
"USS0011J42S","SNOWBIRD, UT US","2018-05-13","0.10","32.0"
"USS0011J42S","SNOWBIRD, UT US","2018-05-14","0.60","33.0"
"USS0011J42S","SNOWBIRD, UT US","2018-05-15","0.00","31.0"
"USS0011J42S","SNOWBIRD, UT US","2018-05-16","0.00","27.0"
"USS0011J42S","SNOWBIRD, UT US","2018-05-17","0.00","24.0"
"USS0011J42S","SNOWBIRD, UT US","2018-05-18","0.10","23.0"
"USS0011J42S","SNOWBIRD, UT US","2018-05-19","0.00","21.0"
"USS0011J42S","SNOWBIRD, UT US","2018-05-20","0.00","19.0"
"USS0011J42S","SNOWBIRD, UT US","2018-05-21","0.10","17.0"
"USS0011J42S","SNOWBIRD, UT US","2018-05-22","0.20","15.0"
"USS0011J42S","SNOWBIRD, UT US","2018-05-23","0.00","12.0"
"USS0011J42S","SNOWBIRD, UT US","2018-05-24","0.00","8.0"
"USS0011J42S","SNOWBIRD, UT US","2018-05-25","0.00","3.0"
"USS0011J42S","SNOWBIRD, UT US","2018-05-26","0.00","1.0"
"USS0011J42S","SNOWBIRD, UT US","2018-05-27","0.10","0.0"
"USS0011J42S","SNOWBIRD, UT US","2018-05-28","0.30","0.0"
"USS0011J42S","SNOWBIRD, UT US","2018-05-29","0.10","0.0"
"USS0011J42S","SNOWBIRD, UT US","2018-05-30","0.00","0.0"
"USS0011J42S","SNOWBIRD, UT US","2018-05-31","0.00","0.0"
"USS0011J42S","SNOWBIRD, UT US","2018-06-01","0.00","0.0"
"USS0011J42S","SNOWBIRD, UT US","2018-06-02","0.00","0.0"
"USS0011J42S","SNOWBIRD, UT US","2018-06-03","0.00","0.0"
"USS0011J42S","SNOWBIRD, UT US","2018-06-04","0.00","0.0"
"USS0011J42S","SNOWBIRD, UT US","2018-06-05","0.00","0.0"
"USS0011J42S","SNOWBIRD, UT US","2018-06-06","0.00","0.0"
"USS0011J42S","SNOWBIRD, UT US","2018-06-07","0.00","0.0"
"USS0011J42S","SNOWBIRD, UT US","2018-06-08","0.00","0.0"
"USS0011J42S","SNOWBIRD, UT US","2018-06-09","0.00","0.0"
"USS0011J42S","SNOWBIRD, UT US","2018-06-10","0.00","0.0"
"USS0011J42S","SNOWBIRD, UT US","2018-06-11","0.00","0.0"
"USS0011J42S","SNOWBIRD, UT US","2018-06-12","0.00","0.0"
"USS0011J42S","SNOWBIRD, UT US","2018-06-13","0.00","0.0"
"USS0011J42S","SNOWBIRD, UT US","2018-06-14","0.00","0.0"
"USS0011J42S","SNOWBIRD, UT US","2018-06-15","0.00","0.0"
"USS0011J42S","SNOWBIRD, UT US","2018-06-16","0.00","0.0"
"USS0011J42S","SNOWBIRD, UT US","2018-06-17","0.00","0.0"
"USS0011J42S","SNOWBIRD, UT US","2018-06-18","0.00","0.0"
"USS0011J42S","SNOWBIRD, UT US","2018-06-19","0.00","0.0"
"USS0011J42S","SNOWBIRD, UT US","2018-06-20","0.00","0.0"
"USS0011J42S","SNOWBIRD, UT US","2018-06-21","0.00","0.0"
"USS0011J42S","SNOWBIRD, UT US","2018-06-22","0.00","0.0"
"USS0011J42S","SNOWBIRD, UT US","2018-06-23","0.00","0.0"
"USS0011J42S","SNOWBIRD, UT US","2018-06-24","0.00","0.0"
"USS0011J42S","SNOWBIRD, UT US","2018-06-25","0.00","0.0"
"USS0011J42S","SNOWBIRD, UT US","2018-06-26","0.00","0.0"
"USS0011J42S","SNOWBIRD, UT US","2018-06-27","0.00","0.0"
"USS0011J42S","SNOWBIRD, UT US","2018-06-28","0.00","0.0"
"USS0011J42S","SNOWBIRD, UT US","2018-06-29","0.00","0.0"
"USS0011J42S","SNOWBIRD, UT US","2018-06-30","0.00","0.0"
"USS0011J42S","SNOWBIRD, UT US","2018-07-01","0.00","0.0"
"USS0011J42S","SNOWBIRD, UT US","2018-07-02","0.00","0.0"
"USS0011J42S","SNOWBIRD, UT US","2018-07-03","0.00","0.0"
"USS0011J42S","SNOWBIRD, UT US","2018-07-04","0.00","0.0"
"USS0011J42S","SNOWBIRD, UT US","2018-07-05","0.00","0.0"
"USS0011J42S","SNOWBIRD, UT US","2018-07-06","0.00","0.0"
"USS0011J42S","SNOWBIRD, UT US","2018-07-07","0.00","0.0"
"USS0011J42S","SNOWBIRD, UT US","2018-07-08","0.50","0.0"
"USS0011J42S","SNOWBIRD, UT US","2018-07-09","0.00","0.0"
"USS0011J42S","SNOWBIRD, UT US","2018-07-10","0.00","0.0"
"USS0011J42S","SNOWBIRD, UT US","2018-07-11","0.10","0.0"
"USS0011J42S","SNOWBIRD, UT US","2018-07-12","0.10","0.0"
"USS0011J42S","SNOWBIRD, UT US","2018-07-13","0.00","0.0"
"USS0011J42S","SNOWBIRD, UT US","2018-07-14","0.00","0.0"
"USS0011J42S","SNOWBIRD, UT US","2018-07-15","0.00","0.0"
"USS0011J42S","SNOWBIRD, UT US","2018-07-16","0.30","0.0"
"USS0011J42S","SNOWBIRD, UT US","2018-07-17","0.00","0.0"
"USS0011J42S","SNOWBIRD, UT US","2018-07-18","0.00","0.0"
"USS0011J42S","SNOWBIRD, UT US","2018-07-19","0.00","0.0"
"USS0011J42S","SNOWBIRD, UT US","2018-07-20","0.00","0.0"
"USS0011J42S","SNOWBIRD, UT US","2018-07-21","0.00","0.0"
"USS0011J42S","SNOWBIRD, UT US","2018-07-22","0.00","0.0"
"USS0011J42S","SNOWBIRD, UT US","2018-07-23","0.00","0.0"
"USS0011J42S","SNOWBIRD, UT US","2018-07-24","0.00","0.0"
"USS0011J42S","SNOWBIRD, UT US","2018-07-25","0.00","0.0"
"USS0011J42S","SNOWBIRD, UT US","2018-07-26","0.00","0.0"
"USS0011J42S","SNOWBIRD, UT US","2018-07-27","0.30","0.0"
"USS0011J42S","SNOWBIRD, UT US","2018-07-28","0.00","0.0"
"USS0011J42S","SNOWBIRD, UT US","2018-07-29","0.00","0.0"
"USS0011J42S","SNOWBIRD, UT US","2018-07-30","0.00","0.0"
"USS0011J42S","SNOWBIRD, UT US","2018-07-31","0.00","0.0"
"USS0011J42S","SNOWBIRD, UT US","2018-08-01","0.00","0.0"
"USS0011J42S","SNOWBIRD, UT US","2018-08-02","0.20","0.0"
"USS0011J42S","SNOWBIRD, UT US","2018-08-03","0.20","0.0"
"USS0011J42S","SNOWBIRD, UT US","2018-08-04","0.00","0.0"
"USS0011J42S","SNOWBIRD, UT US","2018-08-05","0.00","0.0"
"USS0011J42S","SNOWBIRD, UT US","2018-08-06","0.00","0.0"
"USS0011J42S","SNOWBIRD, UT US","2018-08-07","0.00","0.0"
"USS0011J42S","SNOWBIRD, UT US","2018-08-08","0.00","0.0"
"USS0011J42S","SNOWBIRD, UT US","2018-08-09","0.00","0.0"
"USS0011J42S","SNOWBIRD, UT US","2018-08-10","0.00","0.0"
"USS0011J42S","SNOWBIRD, UT US","2018-08-11","0.00","0.0"
"USS0011J42S","SNOWBIRD, UT US","2018-08-12","0.00","0.0"
"USS0011J42S","SNOWBIRD, UT US","2018-08-13","0.00","0.0"
"USS0011J42S","SNOWBIRD, UT US","2018-08-14","0.10","0.0"
"USS0011J42S","SNOWBIRD, UT US","2018-08-15","0.00","0.0"
"USS0011J42S","SNOWBIRD, UT US","2018-08-16","0.00","0.0"
"USS0011J42S","SNOWBIRD, UT US","2018-08-17","0.20","0.0"
"USS0011J42S","SNOWBIRD, UT US","2018-08-18","0.00","0.0"
"USS0011J42S","SNOWBIRD, UT US","2018-08-19","0.00","0.0"
"USS0011J42S","SNOWBIRD, UT US","2018-08-20","0.20","0.0"
"USS0011J42S","SNOWBIRD, UT US","2018-08-21","0.00","0.0"
"USS0011J42S","SNOWBIRD, UT US","2018-08-22","1.20","0.0"
"USS0011J42S","SNOWBIRD, UT US","2018-08-23","0.00","0.0"
"USS0011J42S","SNOWBIRD, UT US","2018-08-24","0.00","0.0"
"USS0011J42S","SNOWBIRD, UT US","2018-08-25","0.00","0.0"
"USS0011J42S","SNOWBIRD, UT US","2018-08-26","0.00","0.0"
"USS0011J42S","SNOWBIRD, UT US","2018-08-27","0.00","0.0"
"USS0011J42S","SNOWBIRD, UT US","2018-08-28","0.00","0.0"
"USS0011J42S","SNOWBIRD, UT US","2018-08-29","0.00","0.0"
"USS0011J42S","SNOWBIRD, UT US","2018-08-30","0.00","0.0"
"USS0011J42S","SNOWBIRD, UT US","2018-08-31","0.00","0.0"
"USS0011J42S","SNOWBIRD, UT US","2018-09-01","0.00","0.0"
"USS0011J42S","SNOWBIRD, UT US","2018-09-02","0.00","0.0"
"USS0011J42S","SNOWBIRD, UT US","2018-09-03","0.00","0.0"
"USS0011J42S","SNOWBIRD, UT US","2018-09-04","0.00","0.0"
"USS0011J42S","SNOWBIRD, UT US","2018-09-05","0.00","0.0"
"USS0011J42S","SNOWBIRD, UT US","2018-09-06","0.00","0.0"
"USS0011J42S","SNOWBIRD, UT US","2018-09-07","0.00","0.0"
"USS0011J42S","SNOWBIRD, UT US","2018-09-08","0.00","0.0"
"USS0011J42S","SNOWBIRD, UT US","2018-09-09","0.00","0.0"
"USS0011J42S","SNOWBIRD, UT US","2018-09-10","0.00","0.0"
"USS0011J42S","SNOWBIRD, UT US","2018-09-11","0.00","0.0"
"USS0011J42S","SNOWBIRD, UT US","2018-09-12","0.00","0.0"
"USS0011J42S","SNOWBIRD, UT US","2018-09-13","0.00","0.0"
"USS0011J42S","SNOWBIRD, UT US","2018-09-14","0.00","0.0"
"USS0011J42S","SNOWBIRD, UT US","2018-09-15","0.00","0.0"
"USS0011J42S","SNOWBIRD, UT US","2018-09-16","0.00","0.0"
"USS0011J42S","SNOWBIRD, UT US","2018-09-17","0.00","0.0"
"USS0011J42S","SNOWBIRD, UT US","2018-09-18","0.00","0.0"
"USS0011J42S","SNOWBIRD, UT US","2018-09-19","0.10","0.0"
"USS0011J42S","SNOWBIRD, UT US","2018-09-20","0.00","0.0"
"USS0011J42S","SNOWBIRD, UT US","2018-09-21","0.00","0.0"
"USS0011J42S","SNOWBIRD, UT US","2018-09-22","0.00","0.0"
"USS0011J42S","SNOWBIRD, UT US","2018-09-23","0.00","0.0"
"USS0011J42S","SNOWBIRD, UT US","2018-09-24","0.00","0.0"
"USS0011J42S","SNOWBIRD, UT US","2018-09-25","0.00","0.0"
"USS0011J42S","SNOWBIRD, UT US","2018-09-26","0.00","0.0"
"USS0011J42S","SNOWBIRD, UT US","2018-09-27","0.00","0.0"
"USS0011J42S","SNOWBIRD, UT US","2018-09-28","0.00","0.0"
"USS0011J42S","SNOWBIRD, UT US","2018-09-29","0.00","0.0"
"USS0011J42S","SNOWBIRD, UT US","2018-09-30","0.00","0.0"
"USS0011J42S","SNOWBIRD, UT US","2018-10-01","0.00","0.0"
"USS0011J42S","SNOWBIRD, UT US","2018-10-02","1.00","1.0"
"USS0011J42S","SNOWBIRD, UT US","2018-10-03","0.70","0.0"
"USS0011J42S","SNOWBIRD, UT US","2018-10-04","1.20","0.0"
"USS0011J42S","SNOWBIRD, UT US","2018-10-05","0.60","0.0"
"USS0011J42S","SNOWBIRD, UT US","2018-10-06","0.20","0.0"
"USS0011J42S","SNOWBIRD, UT US","2018-10-07","0.40","5.0"
"USS0011J42S","SNOWBIRD, UT US","2018-10-08","0.30","4.0"
"USS0011J42S","SNOWBIRD, UT US","2018-10-09","0.70","9.0"
"USS0011J42S","SNOWBIRD, UT US","2018-10-10","0.90","14.0"
"USS0011J42S","SNOWBIRD, UT US","2018-10-11","0.00","12.0"
"USS0011J42S","SNOWBIRD, UT US","2018-10-12","0.00","10.0"
"USS0011J42S","SNOWBIRD, UT US","2018-10-13","0.00","10.0"
"USS0011J42S","SNOWBIRD, UT US","2018-10-14","0.00","9.0"
"USS0011J42S","SNOWBIRD, UT US","2018-10-15","0.00","9.0"
"USS0011J42S","SNOWBIRD, UT US","2018-10-16","0.00","8.0"
"USS0011J42S","SNOWBIRD, UT US","2018-10-17","0.00","7.0"
"USS0011J42S","SNOWBIRD, UT US","2018-10-18","0.00","7.0"
"USS0011J42S","SNOWBIRD, UT US","2018-10-19","0.00","7.0"
"USS0011J42S","SNOWBIRD, UT US","2018-10-20","0.10","5.0"
"USS0011J42S","SNOWBIRD, UT US","2018-10-21","0.00","4.0"
"USS0011J42S","SNOWBIRD, UT US","2018-10-22","0.20","4.0"
"USS0011J42S","SNOWBIRD, UT US","2018-10-23","0.10","4.0"
"USS0011J42S","SNOWBIRD, UT US","2018-10-24","0.10","3.0"
"USS0011J42S","SNOWBIRD, UT US","2018-10-25","0.00","4.0"
"USS0011J42S","SNOWBIRD, UT US","2018-10-26","0.00","3.0"
"USS0011J42S","SNOWBIRD, UT US","2018-10-27","0.00","3.0"
"USS0011J42S","SNOWBIRD, UT US","2018-10-28","0.00","2.0"
"USS0011J42S","SNOWBIRD, UT US","2018-10-29","0.00","2.0"
"USS0011J42S","SNOWBIRD, UT US","2018-10-30","0.20","3.0"
"USS0011J42S","SNOWBIRD, UT US","2018-10-31","0.10","3.0"
"USS0011J42S","SNOWBIRD, UT US","2018-11-01","0.40","5.0"
"USS0011J42S","SNOWBIRD, UT US","2018-11-02","0.30","4.0"
"USS0011J42S","SNOWBIRD, UT US","2018-11-03","0.10","5.0"
"USS0011J42S","SNOWBIRD, UT US","2018-11-04","0.20","6.0"
"USS0011J42S","SNOWBIRD, UT US","2018-11-05","0.00","5.0"
"USS0011J42S","SNOWBIRD, UT US","2018-11-06","0.00","5.0"
"USS0011J42S","SNOWBIRD, UT US","2018-11-07","0.00","5.0"
"USS0011J42S","SNOWBIRD, UT US","2018-11-08","0.00","5.0"
"USS0011J42S","SNOWBIRD, UT US","2018-11-09","0.00","5.0"
"USS0011J42S","SNOWBIRD, UT US","2018-11-10","0.00","5.0"
"USS0011J42S","SNOWBIRD, UT US","2018-11-11","0.20","7.0"
"USS0011J42S","SNOWBIRD, UT US","2018-11-12","0.00","7.0"
"USS0011J42S","SNOWBIRD, UT US","2018-11-13","0.10","8.0"
"USS0011J42S","SNOWBIRD, UT US","2018-11-14","0.00","7.0"
"USS0011J42S","SNOWBIRD, UT US","2018-11-15","0.00","7.0"
"USS0011J42S","SNOWBIRD, UT US","2018-11-16","0.00","7.0"
"USS0011J42S","SNOWBIRD, UT US","2018-11-17","0.10","8.0"
"USS0011J42S","SNOWBIRD, UT US","2018-11-18","0.00","8.0"
"USS0011J42S","SNOWBIRD, UT US","2018-11-19","0.00","7.0"
"USS0011J42S","SNOWBIRD, UT US","2018-11-20","0.00","7.0"
"USS0011J42S","SNOWBIRD, UT US","2018-11-21","0.00","7.0"
"USS0011J42S","SNOWBIRD, UT US","2018-11-22","0.40","12.0"
"USS0011J42S","SNOWBIRD, UT US","2018-11-23","0.50","15.0"
"USS0011J42S","SNOWBIRD, UT US","2018-11-24","1.00","22.0"
"USS0011J42S","SNOWBIRD, UT US","2018-11-25","0.00","20.0"
"USS0011J42S","SNOWBIRD, UT US","2018-11-26","0.00","19.0"
"USS0011J42S","SNOWBIRD, UT US","2018-11-27","0.00","17.0"
"USS0011J42S","SNOWBIRD, UT US","2018-11-28","0.20","18.0"
"USS0011J42S","SNOWBIRD, UT US","2018-11-29","0.90","26.0"
"USS0011J42S","SNOWBIRD, UT US","2018-11-30","1.00","33.0"
"USS0011J42S","SNOWBIRD, UT US","2018-12-01","0.00","34.0"
"USS0011J42S","SNOWBIRD, UT US","2018-12-02","0.20","36.0"
"USS0011J42S","SNOWBIRD, UT US","2018-12-03","0.30","36.0"
"USS0011J42S","SNOWBIRD, UT US","2018-12-04","0.00","33.0"
"USS0011J42S","SNOWBIRD, UT US","2018-12-05","0.00","31.0"
"USS0011J42S","SNOWBIRD, UT US","2018-12-06","0.00","30.0"
"USS0011J42S","SNOWBIRD, UT US","2018-12-07","0.00","28.0"
"USS0011J42S","SNOWBIRD, UT US","2018-12-08","0.00","28.0"
"USS0011J42S","SNOWBIRD, UT US","2018-12-09","0.00","27.0"
"USS0011J42S","SNOWBIRD, UT US","2018-12-10","0.00","27.0"
"USS0011J42S","SNOWBIRD, UT US","2018-12-11","0.10","26.0"
"USS0011J42S","SNOWBIRD, UT US","2018-12-12","1.10","34.0"
"USS0011J42S","SNOWBIRD, UT US","2018-12-13","0.00","32.0"
"USS0011J42S","SNOWBIRD, UT US","2018-12-14","0.00","31.0"
"USS0011J42S","SNOWBIRD, UT US","2018-12-15","0.00","31.0"
"USS0011J42S","SNOWBIRD, UT US","2018-12-16","0.00","30.0"
"USS0011J42S","SNOWBIRD, UT US","2018-12-17","0.00","28.0"
"USS0011J42S","SNOWBIRD, UT US","2018-12-18","0.00","28.0"
"USS0011J42S","SNOWBIRD, UT US","2018-12-19","0.00","29.0"
"USS0011J42S","SNOWBIRD, UT US","2018-12-20","0.00","29.0"
"USS0011J42S","SNOWBIRD, UT US","2018-12-21","0.60","34.0"
"USS0011J42S","SNOWBIRD, UT US","2018-12-22","0.00","33.0"
"USS0011J42S","SNOWBIRD, UT US","2018-12-23","0.00","32.0"
"USS0011J42S","SNOWBIRD, UT US","2018-12-24","0.20","33.0"
"USS0011J42S","SNOWBIRD, UT US","2018-12-25","0.20","35.0"
"USS0011J42S","SNOWBIRD, UT US","2018-12-26","0.30","37.0"
"USS0011J42S","SNOWBIRD, UT US","2018-12-27","0.00","40.0"
"USS0011J42S","SNOWBIRD, UT US","2018-12-28","0.30","39.0"
"USS0011J42S","SNOWBIRD, UT US","2018-12-29","0.10","38.0"
"USS0011J42S","SNOWBIRD, UT US","2018-12-30","0.30","43.0"
"USS0011J42S","SNOWBIRD, UT US","2018-12-31","0.00","43.0"
"USS0011J42S","SNOWBIRD, UT US","2019-01-01","0.00","41.0"
"USS0011J42S","SNOWBIRD, UT US","2019-01-02","0.10","39.0"
"USS0011J42S","SNOWBIRD, UT US","2019-01-03","0.00","38.0"
"USS0011J42S","SNOWBIRD, UT US","2019-01-04","0.00","36.0"
"USS0011J42S","SNOWBIRD, UT US","2019-01-05","0.00","36.0"
"USS0011J42S","SNOWBIRD, UT US","2019-01-06","1.20","52.0"
"USS0011J42S","SNOWBIRD, UT US","2019-01-07","0.60","56.0"
"USS0011J42S","SNOWBIRD, UT US","2019-01-08","0.00","54.0"
"USS0011J42S","SNOWBIRD, UT US","2019-01-09","0.00","51.0"
"USS0011J42S","SNOWBIRD, UT US","2019-01-10","0.10","50.0"
"USS0011J42S","SNOWBIRD, UT US","2019-01-11","0.00","49.0"
"USS0011J42S","SNOWBIRD, UT US","2019-01-12","0.00","48.0"
"USS0011J42S","SNOWBIRD, UT US","2019-01-13","0.00","47.0"
"USS0011J42S","SNOWBIRD, UT US","2019-01-14","0.00","47.0"
"USS0011J42S","SNOWBIRD, UT US","2019-01-15","0.10","48.0"
"USS0011J42S","SNOWBIRD, UT US","2019-01-16","0.50","54.0"
"USS0011J42S","SNOWBIRD, UT US","2019-01-17","2.00","70.0"
"USS0011J42S","SNOWBIRD, UT US","2019-01-18","0.80","71.0"
"USS0011J42S","SNOWBIRD, UT US","2019-01-19","0.40","68.0"
"USS0011J42S","SNOWBIRD, UT US","2019-01-20","0.00","68.0"
"USS0011J42S","SNOWBIRD, UT US","2019-01-21","1.60","89.0"
"USS0011J42S","SNOWBIRD, UT US","2019-01-22","0.00","85.0"
"USS0011J42S","SNOWBIRD, UT US","2019-01-23","0.70","88.0"
"USS0011J42S","SNOWBIRD, UT US","2019-01-24","0.00","85.0"
"USS0011J42S","SNOWBIRD, UT US","2019-01-25","0.00","82.0"
"USS0011J42S","SNOWBIRD, UT US","2019-01-26","0.00","80.0"
"USS0011J42S","SNOWBIRD, UT US","2019-01-27","0.00","78.0"
"USS0011J42S","SNOWBIRD, UT US","2019-01-28","0.00","76.0"
"USS0011J42S","SNOWBIRD, UT US","2019-01-29","0.00","74.0"
"USS0011J42S","SNOWBIRD, UT US","2019-01-30","0.00","74.0"
"USS0011J42S","SNOWBIRD, UT US","2019-01-31","0.00","72.0"
"USS0011J42S","SNOWBIRD, UT US","2019-02-01","0.00","71.0"
"USS0011J42S","SNOWBIRD, UT US","2019-02-02","0.20","69.0"
"USS0011J42S","SNOWBIRD, UT US","2019-02-03","1.50","83.0"
"USS0011J42S","SNOWBIRD, UT US","2019-02-04","0.60","89.0"
"USS0011J42S","SNOWBIRD, UT US","2019-02-05","1.60","105.0"
"USS0011J42S","SNOWBIRD, UT US","2019-02-06","1.00","108.0"
"USS0011J42S","SNOWBIRD, UT US","2019-02-07","0.00","104.0"
"USS0011J42S","SNOWBIRD, UT US","2019-02-08","0.00","101.0"
"USS0011J42S","SNOWBIRD, UT US","2019-02-09","0.50","107.0"
"USS0011J42S","SNOWBIRD, UT US","2019-02-10","1.00","118.0"
"USS0011J42S","SNOWBIRD, UT US","2019-02-11","0.00","110.0"
"USS0011J42S","SNOWBIRD, UT US","2019-02-12","0.00","100.0"
"USS0011J42S","SNOWBIRD, UT US","2019-02-13","0.70","105.0"
"USS0011J42S","SNOWBIRD, UT US","2019-02-14","1.20","109.0"
"USS0011J42S","SNOWBIRD, UT US","2019-02-15","0.90","113.0"
"USS0011J42S","SNOWBIRD, UT US","2019-02-16","0.00","111.0"
"USS0011J42S","SNOWBIRD, UT US","2019-02-17","0.20","112.0"
"USS0011J42S","SNOWBIRD, UT US","2019-02-18","0.00","111.0"
"USS0011J42S","SNOWBIRD, UT US","2019-02-19","0.20","111.0"
"USS0011J42S","SNOWBIRD, UT US","2019-02-20","0.00","108.0"
"USS0011J42S","SNOWBIRD, UT US","2019-02-21","0.30","106.0"
"USS0011J42S","SNOWBIRD, UT US","2019-02-22","0.00","107.0"
"USS0011J42S","SNOWBIRD, UT US","2019-02-23","0.00","105.0"
"USS0011J42S","SNOWBIRD, UT US","2019-02-24","0.00","104.0"
"USS0011J42S","SNOWBIRD, UT US","2019-02-25","0.00","101.0"
"USS0011J42S","SNOWBIRD, UT US","2019-02-26","0.00","100.0"
"USS0011J42S","SNOWBIRD, UT US","2019-02-27","0.00","100.0"
"USS0011J42S","SNOWBIRD, UT US","2019-02-28","0.20","102.0"
"USS0011J42S","SNOWBIRD, UT US","2019-03-01","0.00","102.0"
"USS0011J42S","SNOWBIRD, UT US","2019-03-02","0.50","104.0"
"USS0011J42S","SNOWBIRD, UT US","2019-03-03","0.40","105.0"
"USS0011J42S","SNOWBIRD, UT US","2019-03-04","0.00","102.0"
"USS0011J42S","SNOWBIRD, UT US","2019-03-05","0.70","106.0"
"USS0011J42S","SNOWBIRD, UT US","2019-03-06","1.60","112.0"
"USS0011J42S","SNOWBIRD, UT US","2019-03-07","0.60","116.0"
"USS0011J42S","SNOWBIRD, UT US","2019-03-08","1.10","125.0"
"USS0011J42S","SNOWBIRD, UT US","2019-03-09","0.10","125.0"
"USS0011J42S","SNOWBIRD, UT US","2019-03-10","0.20","126.0"
"USS0011J42S","SNOWBIRD, UT US","2019-03-11","0.10","121.0"
"USS0011J42S","SNOWBIRD, UT US","2019-03-12","0.00","117.0"
"USS0011J42S","SNOWBIRD, UT US","2019-03-13","1.40","130.0"
"USS0011J42S","SNOWBIRD, UT US","2019-03-14","0.00","128.0"
"USS0011J42S","SNOWBIRD, UT US","2019-03-15","0.00","124.0"
"USS0011J42S","SNOWBIRD, UT US","2019-03-16","0.00","122.0"
"USS0011J42S","SNOWBIRD, UT US","2019-03-17","0.00","120.0"
"USS0011J42S","SNOWBIRD, UT US","2019-03-18","0.00","118.0"
"USS0011J42S","SNOWBIRD, UT US","2019-03-19","0.00","115.0"
"USS0011J42S","SNOWBIRD, UT US","2019-03-20","0.00","114.0"
"USS0011J42S","SNOWBIRD, UT US","2019-03-21","0.60","118.0"
"USS0011J42S","SNOWBIRD, UT US","2019-03-22","0.10","117.0"
"USS0011J42S","SNOWBIRD, UT US","2019-03-23","0.30","119.0"
"USS0011J42S","SNOWBIRD, UT US","2019-03-24","0.80","123.0"
"USS0011J42S","SNOWBIRD, UT US","2019-03-25","0.00","120.0"
"USS0011J42S","SNOWBIRD, UT US","2019-03-26","0.00","118.0"
"USS0011J42S","SNOWBIRD, UT US","2019-03-27","0.00","116.0"
"USS0011J42S","SNOWBIRD, UT US","2019-03-28","0.40","120.0"
"USS0011J42S","SNOWBIRD, UT US","2019-03-29","1.10","130.0"
"USS0011J42S","SNOWBIRD, UT US","2019-03-30","0.00","125.0"
"USS0011J42S","SNOWBIRD, UT US","2019-03-31","0.00","123.0"
"USS0011J42S","SNOWBIRD, UT US","2019-04-01","0.10","120.0"
"USS0011J42S","SNOWBIRD, UT US","2019-04-02","0.20","121.0"
"USS0011J42S","SNOWBIRD, UT US","2019-04-03","0.20","120.0"
"USS0011J42S","SNOWBIRD, UT US","2019-04-04","0.10","118.0"
"USS0011J42S","SNOWBIRD, UT US","2019-04-05","0.00","115.0"
"USS0011J42S","SNOWBIRD, UT US","2019-04-06","0.10","114.0"
"USS0011J42S","SNOWBIRD, UT US","2019-04-07","0.00","114.0"
"USS0011J42S","SNOWBIRD, UT US","2019-04-08","0.00","111.0"
"USS0011J42S","SNOWBIRD, UT US","2019-04-09","1.50","121.0"
"USS0011J42S","SNOWBIRD, UT US","2019-04-10","1.40","132.0"
"USS0011J42S","SNOWBIRD, UT US","2019-04-11","0.20","133.0"
"USS0011J42S","SNOWBIRD, UT US","2019-04-12","0.30","135.0"
"USS0011J42S","SNOWBIRD, UT US","2019-04-13","0.00","133.0"
"USS0011J42S","SNOWBIRD, UT US","2019-04-14","0.10","130.0"
"USS0011J42S","SNOWBIRD, UT US","2019-04-15","0.70","135.0"
"USS0011J42S","SNOWBIRD, UT US","2019-04-16","1.20","140.0"
"USS0011J42S","SNOWBIRD, UT US","2019-04-17","0.00","132.0"
"USS0011J42S","SNOWBIRD, UT US","2019-04-18","0.00","128.0"
"USS0011J42S","SNOWBIRD, UT US","2019-04-19","0.00","124.0"
"USS0011J42S","SNOWBIRD, UT US","2019-04-20","0.40","121.0"
"USS0011J42S","SNOWBIRD, UT US","2019-04-21","0.30","121.0"
"USS0011J42S","SNOWBIRD, UT US","2019-04-22","0.00","118.0"
"USS0011J42S","SNOWBIRD, UT US","2019-04-23","0.00","115.0"
"USS0011J42S","SNOWBIRD, UT US","2019-04-24","0.30","112.0"
"USS0011J42S","SNOWBIRD, UT US","2019-04-25","0.00","108.0"
"USS0011J42S","SNOWBIRD, UT US","2019-04-26","0.50","108.0"
"USS0011J42S","SNOWBIRD, UT US","2019-04-27","0.00","105.0"
"USS0011J42S","SNOWBIRD, UT US","2019-04-28","0.00","105.0"
"USS0011J42S","SNOWBIRD, UT US","2019-04-29","0.10","101.0"
"USS0011J42S","SNOWBIRD, UT US","2019-04-30","0.50","104.0"
"USS0011J42S","SNOWBIRD, UT US","2019-05-01","0.30","107.0"
"USS0011J42S","SNOWBIRD, UT US","2019-05-02","0.00","104.0"
"USS0011J42S","SNOWBIRD, UT US","2019-05-03","0.00","103.0"
"USS0011J42S","SNOWBIRD, UT US","2019-05-04","0.00","100.0"
"USS0011J42S","SNOWBIRD, UT US","2019-05-05","0.00","98.0"
"USS0011J42S","SNOWBIRD, UT US","2019-05-06","0.00","96.0"
"USS0011J42S","SNOWBIRD, UT US","2019-05-07","0.50","95.0"
"USS0011J42S","SNOWBIRD, UT US","2019-05-08","0.50","98.0"
"USS0011J42S","SNOWBIRD, UT US","2019-05-09","0.10","97.0"
"USS0011J42S","SNOWBIRD, UT US","2019-05-10","0.00","96.0"
"USS0011J42S","SNOWBIRD, UT US","2019-05-11","0.00","92.0"
"USS0011J42S","SNOWBIRD, UT US","2019-05-12","0.00","89.0"
"USS0011J42S","SNOWBIRD, UT US","2019-05-13","0.00","85.0"
"USS0011J42S","SNOWBIRD, UT US","2019-05-14","0.00","83.0"
"USS0011J42S","SNOWBIRD, UT US","2019-05-15","0.00","78.0"
"USS0011J42S","SNOWBIRD, UT US","2019-05-16","0.70","78.0"
"USS0011J42S","SNOWBIRD, UT US","2019-05-17","0.90","82.0"
"USS0011J42S","SNOWBIRD, UT US","2019-05-18","0.30","82.0"
"USS0011J42S","SNOWBIRD, UT US","2019-05-19","0.40","86.0"
"USS0011J42S","SNOWBIRD, UT US","2019-05-20","0.30","82.0"
"USS0011J42S","SNOWBIRD, UT US","2019-05-21","0.60","86.0"
"USS0011J42S","SNOWBIRD, UT US","2019-05-22","0.50","88.0"
"USS0011J42S","SNOWBIRD, UT US","2019-05-23","0.60","93.0"
"USS0011J42S","SNOWBIRD, UT US","2019-05-24","0.80","94.0"
"USS0011J42S","SNOWBIRD, UT US","2019-05-25","0.00","92.0"
"USS0011J42S","SNOWBIRD, UT US","2019-05-26","0.20","89.0"
"USS0011J42S","SNOWBIRD, UT US","2019-05-27","0.30","92.0"
"USS0011J42S","SNOWBIRD, UT US","2019-05-28","0.00","88.0"
"USS0011J42S","SNOWBIRD, UT US","2019-05-29","0.00","87.0"
"USS0011J42S","SNOWBIRD, UT US","2019-05-30","0.20","85.0"
"USS0011J42S","SNOWBIRD, UT US","2019-05-31","0.20","82.0"
"USS0011J42S","SNOWBIRD, UT US","2019-06-01","0.30","79.0"
"USS0011J42S","SNOWBIRD, UT US","2019-06-02","0.00","77.0"
"USS0011J42S","SNOWBIRD, UT US","2019-06-03","0.00","73.0"
"USS0011J42S","SNOWBIRD, UT US","2019-06-04","0.30","71.0"
"USS0011J42S","SNOWBIRD, UT US","2019-06-05","0.00","66.0"
"USS0011J42S","SNOWBIRD, UT US","2019-06-06","0.30","62.0"
"USS0011J42S","SNOWBIRD, UT US","2019-06-07","0.00","59.0"
"USS0011J42S","SNOWBIRD, UT US","2019-06-08","0.00","56.0"
"USS0011J42S","SNOWBIRD, UT US","2019-06-09","0.00","53.0"
"USS0011J42S","SNOWBIRD, UT US","2019-06-10","0.00","51.0"
"USS0011J42S","SNOWBIRD, UT US","2019-06-11","0.00","47.0"
"USS0011J42S","SNOWBIRD, UT US","2019-06-12","0.00","43.0"
"USS0011J42S","SNOWBIRD, UT US","2019-06-13","0.20","41.0"
"USS0011J42S","SNOWBIRD, UT US","2019-06-14","0.00","37.0"
"USS0011J42S","SNOWBIRD, UT US","2019-06-15","0.00","34.0"
"USS0011J42S","SNOWBIRD, UT US","2019-06-16","0.10","32.0"
"USS0011J42S","SNOWBIRD, UT US","2019-06-17","0.00","30.0"
"USS0011J42S","SNOWBIRD, UT US","2019-06-18","0.00","26.0"
"USS0011J42S","SNOWBIRD, UT US","2019-06-19","0.00","23.0"
"USS0011J42S","SNOWBIRD, UT US","2019-06-20","0.00","21.0"
"USS0011J42S","SNOWBIRD, UT US","2019-06-21","0.10","18.0"
"USS0011J42S","SNOWBIRD, UT US","2019-06-22","0.00","16.0"
"USS0011J42S","SNOWBIRD, UT US","2019-06-23","0.00","12.0"
"USS0011J42S","SNOWBIRD, UT US","2019-06-24","0.00","10.0"
"USS0011J42S","SNOWBIRD, UT US","2019-06-25","0.00","6.0"
"USS0011J42S","SNOWBIRD, UT US","2019-06-26","0.00","2.0"
"USS0011J42S","SNOWBIRD, UT US","2019-06-27","0.00","1.0"
"USS0011J42S","SNOWBIRD, UT US","2019-06-28","0.00","0.0"
"USS0011J42S","SNOWBIRD, UT US","2019-06-29","0.00","0.0"
"USS0011J42S","SNOWBIRD, UT US","2019-06-30","0.00","0.0"
"USS0011J42S","SNOWBIRD, UT US","2019-07-01","0.00","0.0"
"USS0011J42S","SNOWBIRD, UT US","2019-07-02","0.00","0.0"
"USS0011J42S","SNOWBIRD, UT US","2019-07-03","0.00","0.0"
"USS0011J42S","SNOWBIRD, UT US","2019-07-04","0.00","0.0"
"USS0011J42S","SNOWBIRD, UT US","2019-07-05","0.00","0.0"
"USS0011J42S","SNOWBIRD, UT US","2019-07-06","0.00","0.0"
"USS0011J42S","SNOWBIRD, UT US","2019-07-07","0.00","0.0"
"USS0011J42S","SNOWBIRD, UT US","2019-07-08","0.00","0.0"
"USS0011J42S","SNOWBIRD, UT US","2019-07-09","0.00","0.0"
"USS0011J42S","SNOWBIRD, UT US","2019-07-10","0.00","0.0"
"USS0011J42S","SNOWBIRD, UT US","2019-07-11","0.00","0.0"
"USS0011J42S","SNOWBIRD, UT US","2019-07-12","0.00","0.0"
"USS0011J42S","SNOWBIRD, UT US","2019-07-13","0.00","0.0"
"USS0011J42S","SNOWBIRD, UT US","2019-07-14","0.00","0.0"
"USS0011J42S","SNOWBIRD, UT US","2019-07-15","0.00","0.0"
"USS0011J42S","SNOWBIRD, UT US","2019-07-16","0.00","0.0"
"USS0011J42S","SNOWBIRD, UT US","2019-07-17","0.00","0.0"
"USS0011J42S","SNOWBIRD, UT US","2019-07-18","0.00","0.0"
"USS0011J42S","SNOWBIRD, UT US","2019-07-19","0.00","0.0"
"USS0011J42S","SNOWBIRD, UT US","2019-07-20","0.00","0.0"
"USS0011J42S","SNOWBIRD, UT US","2019-07-21","0.00","0.0"
"USS0011J42S","SNOWBIRD, UT US","2019-07-22","0.00","0.0"
"USS0011J42S","SNOWBIRD, UT US","2019-07-23","0.00","0.0"
"USS0011J42S","SNOWBIRD, UT US","2019-07-24","0.00","0.0"
"USS0011J42S","SNOWBIRD, UT US","2019-07-25","0.00","0.0"
"USS0011J42S","SNOWBIRD, UT US","2019-07-26","0.30","0.0"
"USS0011J42S","SNOWBIRD, UT US","2019-07-27","0.00","0.0"
"USS0011J42S","SNOWBIRD, UT US","2019-07-28","0.00","0.0"
"USS0011J42S","SNOWBIRD, UT US","2019-07-29","0.00","0.0"
"USS0011J42S","SNOWBIRD, UT US","2019-07-30","0.00","0.0"
"USS0011J42S","SNOWBIRD, UT US","2019-07-31","0.40","0.0"
"USS0011J42S","SNOWBIRD, UT US","2019-08-01","0.00","0.0"
"USS0011J42S","SNOWBIRD, UT US","2019-08-02","0.00","0.0"
"USS0011J42S","SNOWBIRD, UT US","2019-08-03","0.50","0.0"
"USS0011J42S","SNOWBIRD, UT US","2019-08-04","0.00","0.0"
"USS0011J42S","SNOWBIRD, UT US","2019-08-05","0.00","0.0"
"USS0011J42S","SNOWBIRD, UT US","2019-08-06","0.00","0.0"
"USS0011J42S","SNOWBIRD, UT US","2019-08-07","0.10","0.0"
"USS0011J42S","SNOWBIRD, UT US","2019-08-08","0.70","0.0"
"USS0011J42S","SNOWBIRD, UT US","2019-08-09","0.00","0.0"
"USS0011J42S","SNOWBIRD, UT US","2019-08-10","0.00","0.0"
"USS0011J42S","SNOWBIRD, UT US","2019-08-11","0.00","0.0"
"USS0011J42S","SNOWBIRD, UT US","2019-08-12","0.00","0.0"
"USS0011J42S","SNOWBIRD, UT US","2019-08-13","0.00","0.0"
"USS0011J42S","SNOWBIRD, UT US","2019-08-14","0.00","0.0"
"USS0011J42S","SNOWBIRD, UT US","2019-08-15","0.00","0.0"
"USS0011J42S","SNOWBIRD, UT US","2019-08-16","0.00","0.0"
"USS0011J42S","SNOWBIRD, UT US","2019-08-17","0.00","0.0"
"USS0011J42S","SNOWBIRD, UT US","2019-08-18","0.00","0.0"
"USS0011J42S","SNOWBIRD, UT US","2019-08-19","0.00","0.0"
"USS0011J42S","SNOWBIRD, UT US","2019-08-20","0.00","0.0"
"USS0011J42S","SNOWBIRD, UT US","2019-08-21","0.00","0.0"
"USS0011J42S","SNOWBIRD, UT US","2019-08-22","0.00","0.0"
"USS0011J42S","SNOWBIRD, UT US","2019-08-23","0.00","0.0"
"USS0011J42S","SNOWBIRD, UT US","2019-08-24","0.00","0.0"
"USS0011J42S","SNOWBIRD, UT US","2019-08-25","0.00","0.0"
"USS0011J42S","SNOWBIRD, UT US","2019-08-26","0.00","0.0"
"USS0011J42S","SNOWBIRD, UT US","2019-08-27","0.00","0.0"
"USS0011J42S","SNOWBIRD, UT US","2019-08-28","0.00","0.0"
"USS0011J42S","SNOWBIRD, UT US","2019-08-29","0.00","0.0"
"USS0011J42S","SNOWBIRD, UT US","2019-08-30","0.00","0.0"
"USS0011J42S","SNOWBIRD, UT US","2019-08-31","0.00","0.0"
"USS0011J42S","SNOWBIRD, UT US","2019-09-01","0.00","0.0"
"USS0011J42S","SNOWBIRD, UT US","2019-09-02","0.00","0.0"
"USS0011J42S","SNOWBIRD, UT US","2019-09-03","0.00","0.0"
"USS0011J42S","SNOWBIRD, UT US","2019-09-04","0.00","0.0"
"USS0011J42S","SNOWBIRD, UT US","2019-09-05","0.00","0.0"
"USS0011J42S","SNOWBIRD, UT US","2019-09-06","0.00","0.0"
"USS0011J42S","SNOWBIRD, UT US","2019-09-07","0.00","0.0"
"USS0011J42S","SNOWBIRD, UT US","2019-09-08","1.00","0.0"
"USS0011J42S","SNOWBIRD, UT US","2019-09-09","0.10","0.0"
"USS0011J42S","SNOWBIRD, UT US","2019-09-10","0.40","0.0"
"USS0011J42S","SNOWBIRD, UT US","2019-09-11","1.10","0.0"
"USS0011J42S","SNOWBIRD, UT US","2019-09-12","0.30","0.0"
"USS0011J42S","SNOWBIRD, UT US","2019-09-13","0.00","0.0"
"USS0011J42S","SNOWBIRD, UT US","2019-09-14","0.00","0.0"
"USS0011J42S","SNOWBIRD, UT US","2019-09-15","0.00","0.0"
"USS0011J42S","SNOWBIRD, UT US","2019-09-16","0.00","0.0"
"USS0011J42S","SNOWBIRD, UT US","2019-09-17","0.40","0.0"
"USS0011J42S","SNOWBIRD, UT US","2019-09-18","0.00","0.0"
"USS0011J42S","SNOWBIRD, UT US","2019-09-19","0.10","0.0"
"USS0011J42S","SNOWBIRD, UT US","2019-09-20","0.70","2.0"
"USS0011J42S","SNOWBIRD, UT US","2019-09-21","0.00","1.0"
"USS0011J42S","SNOWBIRD, UT US","2019-09-22","0.00","0.0"
"USS0011J42S","SNOWBIRD, UT US","2019-09-23","0.00","0.0"
"USS0011J42S","SNOWBIRD, UT US","2019-09-24","0.00","0.0"
"USS0011J42S","SNOWBIRD, UT US","2019-09-25","0.00","0.0"
"USS0011J42S","SNOWBIRD, UT US","2019-09-26","0.00","0.0"
"USS0011J42S","SNOWBIRD, UT US","2019-09-27","0.00","0.0"
"USS0011J42S","SNOWBIRD, UT US","2019-09-28","0.50","0.0"
"USS0011J42S","SNOWBIRD, UT US","2019-09-29","0.80","1.0"
"USS0011J42S","SNOWBIRD, UT US","2019-09-30","0.00","0.0"
"USS0011J42S","SNOWBIRD, UT US","2019-10-01","0.00","0.0"
"USS0011J42S","SNOWBIRD, UT US","2019-10-02","0.00","0.0"
"USS0011J42S","SNOWBIRD, UT US","2019-10-03","0.00","0.0"
"USS0011J42S","SNOWBIRD, UT US","2019-10-04","0.10","1.0"
"USS0011J42S","SNOWBIRD, UT US","2019-10-05","0.00","0.0"
"USS0011J42S","SNOWBIRD, UT US","2019-10-06","0.00","0.0"
"USS0011J42S","SNOWBIRD, UT US","2019-10-07","0.00","0.0"
"USS0011J42S","SNOWBIRD, UT US","2019-10-08","0.00","0.0"
"USS0011J42S","SNOWBIRD, UT US","2019-10-09","0.10","1.0"
"USS0011J42S","SNOWBIRD, UT US","2019-10-10","0.00","1.0"
"USS0011J42S","SNOWBIRD, UT US","2019-10-11","0.00","0.0"
"USS0011J42S","SNOWBIRD, UT US","2019-10-12","0.00","0.0"
"USS0011J42S","SNOWBIRD, UT US","2019-10-13","0.00","0.0"
"USS0011J42S","SNOWBIRD, UT US","2019-10-14","0.00","0.0"
"USS0011J42S","SNOWBIRD, UT US","2019-10-15","0.00","0.0"
"USS0011J42S","SNOWBIRD, UT US","2019-10-16","0.00","0.0"
"USS0011J42S","SNOWBIRD, UT US","2019-10-17","0.30","4.0"
"USS0011J42S","SNOWBIRD, UT US","2019-10-18","0.20","3.0"
"USS0011J42S","SNOWBIRD, UT US","2019-10-19","1.30","13.0"
"USS0011J42S","SNOWBIRD, UT US","2019-10-20","0.30","14.0"
"USS0011J42S","SNOWBIRD, UT US","2019-10-21","0.20","12.0"
"USS0011J42S","SNOWBIRD, UT US","2019-10-22","0.00","9.0"
"USS0011J42S","SNOWBIRD, UT US","2019-10-23","0.00","9.0"
"USS0011J42S","SNOWBIRD, UT US","2019-10-24","0.00","9.0"
"USS0011J42S","SNOWBIRD, UT US","2019-10-25","0.00","8.0"
"USS0011J42S","SNOWBIRD, UT US","2019-10-26","0.00","8.0"
"USS0011J42S","SNOWBIRD, UT US","2019-10-27","0.20","10.0"
"USS0011J42S","SNOWBIRD, UT US","2019-10-28","0.20","13.0"
"USS0011J42S","SNOWBIRD, UT US","2019-10-29","0.60","18.0"
"USS0011J42S","SNOWBIRD, UT US","2019-10-30","0.00","15.0"
"USS0011J42S","SNOWBIRD, UT US","2019-10-31","0.00","14.0"
"USS0011J42S","SNOWBIRD, UT US","2019-11-01","0.00","13.0"
"USS0011J42S","SNOWBIRD, UT US","2019-11-02","0.00","12.0"
"USS0011J42S","SNOWBIRD, UT US","2019-11-03","0.00","12.0"
"USS0011J42S","SNOWBIRD, UT US","2019-11-04","0.00","12.0"
"USS0011J42S","SNOWBIRD, UT US","2019-11-05","0.00","12.0"
"USS0011J42S","SNOWBIRD, UT US","2019-11-06","0.00","12.0"
"USS0011J42S","SNOWBIRD, UT US","2019-11-07","0.00","11.0"
"USS0011J42S","SNOWBIRD, UT US","2019-11-08","0.00","11.0"
"USS0011J42S","SNOWBIRD, UT US","2019-11-09","0.00","11.0"
"USS0011J42S","SNOWBIRD, UT US","2019-11-10","0.00","11.0"
"USS0011J42S","SNOWBIRD, UT US","2019-11-11","0.00","11.0"
"USS0011J42S","SNOWBIRD, UT US","2019-11-12","0.00","11.0"
"USS0011J42S","SNOWBIRD, UT US","2019-11-13","0.00","11.0"
"USS0011J42S","SNOWBIRD, UT US","2019-11-14","0.00","11.0"
"USS0011J42S","SNOWBIRD, UT US","2019-11-15","0.00","11.0"
"USS0011J42S","SNOWBIRD, UT US","2019-11-16","0.00","11.0"
"USS0011J42S","SNOWBIRD, UT US","2019-11-17","0.00","11.0"
"USS0011J42S","SNOWBIRD, UT US","2019-11-18","0.00","11.0"
"USS0011J42S","SNOWBIRD, UT US","2019-11-19","0.00","9.0"
"USS0011J42S","SNOWBIRD, UT US","2019-11-20","0.50","13.0"
"USS0011J42S","SNOWBIRD, UT US","2019-11-21","0.10","15.0"
"USS0011J42S","SNOWBIRD, UT US","2019-11-22","0.00","14.0"
"USS0011J42S","SNOWBIRD, UT US","2019-11-23","0.00","14.0"
"USS0011J42S","SNOWBIRD, UT US","2019-11-24","0.00","14.0"
"USS0011J42S","SNOWBIRD, UT US","2019-11-25","0.80","24.0"
"USS0011J42S","SNOWBIRD, UT US","2019-11-26","0.00","18.0"
"USS0011J42S","SNOWBIRD, UT US","2019-11-27","0.80","26.0"
"USS0011J42S","SNOWBIRD, UT US","2019-11-28","1.30","39.0"
"USS0011J42S","SNOWBIRD, UT US","2019-11-29","1.20","48.0"
"USS0011J42S","SNOWBIRD, UT US","2019-11-30","0.20","44.0"
"USS0011J42S","SNOWBIRD, UT US","2019-12-01","0.00","40.0"
"USS0011J42S","SNOWBIRD, UT US","2019-12-02","0.00","37.0"
"USS0011J42S","SNOWBIRD, UT US","2019-12-03","0.00","35.0"
"USS0011J42S","SNOWBIRD, UT US","2019-12-04","0.30","36.0"
"USS0011J42S","SNOWBIRD, UT US","2019-12-05","0.20","37.0"
"USS0011J42S","SNOWBIRD, UT US","2019-12-06","0.00","33.0"
"USS0011J42S","SNOWBIRD, UT US","2019-12-07","0.30","33.0"
"USS0011J42S","SNOWBIRD, UT US","2019-12-08","1.40","43.0"
"USS0011J42S","SNOWBIRD, UT US","2019-12-09","0.00","40.0"
"USS0011J42S","SNOWBIRD, UT US","2019-12-10","0.00","38.0"
"USS0011J42S","SNOWBIRD, UT US","2019-12-11","0.10","38.0"
"USS0011J42S","SNOWBIRD, UT US","2019-12-12","1.30","44.0"
"USS0011J42S","SNOWBIRD, UT US","2019-12-13","1.00","48.0"
"USS0011J42S","SNOWBIRD, UT US","2019-12-14","0.40","53.0"
"USS0011J42S","SNOWBIRD, UT US","2019-12-15","0.00","51.0"
"USS0011J42S","SNOWBIRD, UT US","2019-12-16","0.20","53.0"
"USS0011J42S","SNOWBIRD, UT US","2019-12-17","0.00","50.0"
"USS0011J42S","SNOWBIRD, UT US","2019-12-18","0.00","48.0"
"USS0011J42S","SNOWBIRD, UT US","2019-12-19","0.00","46.0"
"USS0011J42S","SNOWBIRD, UT US","2019-12-20","0.00","46.0"
"USS0011J42S","SNOWBIRD, UT US","2019-12-21","0.00","42.0"
"USS0011J42S","SNOWBIRD, UT US","2019-12-22","0.00","39.0"
"USS0011J42S","SNOWBIRD, UT US","2019-12-23","0.20","41.0"
"USS0011J42S","SNOWBIRD, UT US","2019-12-24","0.40","44.0"
"USS0011J42S","SNOWBIRD, UT US","2019-12-25","0.30","46.0"
"USS0011J42S","SNOWBIRD, UT US","2019-12-26","0.00","45.0"
"USS0011J42S","SNOWBIRD, UT US","2019-12-27","0.10","46.0"
"USS0011J42S","SNOWBIRD, UT US","2019-12-28","0.00","45.0"
"USS0011J42S","SNOWBIRD, UT US","2019-12-29","0.20","48.0"
"USS0011J42S","SNOWBIRD, UT US","2019-12-30","0.00","47.0"
"USS0011J42S","SNOWBIRD, UT US","2019-12-31","0.20","47.0"
"USS0011J42S","SNOWBIRD, UT US","2020-01-01","0.90","56.0"
"USS0011J42S","SNOWBIRD, UT US","2020-01-02","0.30","59.0"
"USS0011J42S","SNOWBIRD, UT US","2020-01-03","0.00","57.0"
"USS0011J42S","SNOWBIRD, UT US","2020-01-04","0.00","54.0"
"USS0011J42S","SNOWBIRD, UT US","2020-01-05","0.40","56.0"
"USS0011J42S","SNOWBIRD, UT US","2020-01-06","0.00","55.0"
"USS0011J42S","SNOWBIRD, UT US","2020-01-07","0.00","53.0"
"USS0011J42S","SNOWBIRD, UT US","2020-01-08","0.90","62.0"
"USS0011J42S","SNOWBIRD, UT US","2020-01-09","0.30","66.0"
"USS0011J42S","SNOWBIRD, UT US","2020-01-10","0.10","65.0"
"USS0011J42S","SNOWBIRD, UT US","2020-01-11","0.80","77.0"
"USS0011J42S","SNOWBIRD, UT US","2020-01-12","0.20","77.0"
"USS0011J42S","SNOWBIRD, UT US","2020-01-13","0.80","80.0"
"USS0011J42S","SNOWBIRD, UT US","2020-01-14","0.40","81.0"
"USS0011J42S","SNOWBIRD, UT US","2020-01-15","0.10","76.0"
"USS0011J42S","SNOWBIRD, UT US","2020-01-16","0.90","77.0"
"USS0011J42S","SNOWBIRD, UT US","2020-01-17","1.00","89.0"
"USS0011J42S","SNOWBIRD, UT US","2020-01-18","0.00","84.0"
"USS0011J42S","SNOWBIRD, UT US","2020-01-19","0.00","80.0"
"USS0011J42S","SNOWBIRD, UT US","2020-01-20","0.00","78.0"
"USS0011J42S","SNOWBIRD, UT US","2020-01-21","0.20","79.0"
"USS0011J42S","SNOWBIRD, UT US","2020-01-22","0.50","82.0"
"USS0011J42S","SNOWBIRD, UT US","2020-01-23","0.20","81.0"
"USS0011J42S","SNOWBIRD, UT US","2020-01-24","0.20","80.0"
"USS0011J42S","SNOWBIRD, UT US","2020-01-25","0.00","79.0"
"USS0011J42S","SNOWBIRD, UT US","2020-01-26","0.30","82.0"
"USS0011J42S","SNOWBIRD, UT US","2020-01-27","0.70","88.0"
"USS0011J42S","SNOWBIRD, UT US","2020-01-28","0.10","87.0"
"USS0011J42S","SNOWBIRD, UT US","2020-01-29","0.00","85.0"
"USS0011J42S","SNOWBIRD, UT US","2020-01-30","0.10","83.0"
"USS0011J42S","SNOWBIRD, UT US","2020-01-31","0.10","82.0"
"USS0011J42S","SNOWBIRD, UT US","2020-02-01","0.10","82.0"
"USS0011J42S","SNOWBIRD, UT US","2020-02-02","0.00","82.0"
"USS0011J42S","SNOWBIRD, UT US","2020-02-03","0.30","90.0"
"USS0011J42S","SNOWBIRD, UT US","2020-02-04","0.00","88.0"
"USS0011J42S","SNOWBIRD, UT US","2020-02-05","0.40","90.0"
"USS0011J42S","SNOWBIRD, UT US","2020-02-06","2.40","98.0"
"USS0011J42S","SNOWBIRD, UT US","2020-02-07","1.00","100.0"
"USS0011J42S","SNOWBIRD, UT US","2020-02-08","0.00","98.0"
"USS0011J42S","SNOWBIRD, UT US","2020-02-09","0.00","97.0"
"USS0011J42S","SNOWBIRD, UT US","2020-02-10","0.00","96.0"
"USS0011J42S","SNOWBIRD, UT US","2020-02-11","0.20","95.0"
"USS0011J42S","SNOWBIRD, UT US","2020-02-12","0.00","94.0"
"USS0011J42S","SNOWBIRD, UT US","2020-02-13","0.00","93.0"
"USS0011J42S","SNOWBIRD, UT US","2020-02-14","0.00","93.0"
"USS0011J42S","SNOWBIRD, UT US","2020-02-15","0.00","92.0"
"USS0011J42S","SNOWBIRD, UT US","2020-02-16","1.20","105.0"
"USS0011J42S","SNOWBIRD, UT US","2020-02-17","0.00","102.0"
"USS0011J42S","SNOWBIRD, UT US","2020-02-18","0.00","100.0"
"USS0011J42S","SNOWBIRD, UT US","2020-02-19","0.00","99.0"
"USS0011J42S","SNOWBIRD, UT US","2020-02-20","0.10","97.0"
"USS0011J42S","SNOWBIRD, UT US","2020-02-21","0.10","96.0"
"USS0011J42S","SNOWBIRD, UT US","2020-02-22","0.00","95.0"
"USS0011J42S","SNOWBIRD, UT US","2020-02-23","0.10","94.0"
"USS0011J42S","SNOWBIRD, UT US","2020-02-24","0.10","97.0"
"USS0011J42S","SNOWBIRD, UT US","2020-02-25","0.00","95.0"
"USS0011J42S","SNOWBIRD, UT US","2020-02-26","0.00","95.0"
"USS0011J42S","SNOWBIRD, UT US","2020-02-27","0.00","94.0"
"USS0011J42S","SNOWBIRD, UT US","2020-02-28","0.00","93.0"
"USS0011J42S","SNOWBIRD, UT US","2020-02-29","0.00","91.0"
"USS0011J42S","SNOWBIRD, UT US","2020-03-01","0.40","97.0"
"USS0011J42S","SNOWBIRD, UT US","2020-03-02","0.00","97.0"
"USS0011J42S","SNOWBIRD, UT US","2020-03-03","0.00","95.0"
"USS0011J42S","SNOWBIRD, UT US","2020-03-04","0.10","93.0"
"USS0011J42S","SNOWBIRD, UT US","2020-03-05","0.00","90.0"
"USS0011J42S","SNOWBIRD, UT US","2020-03-06","0.00","90.0"
"USS0011J42S","SNOWBIRD, UT US","2020-03-07","0.00","89.0"
"USS0011J42S","SNOWBIRD, UT US","2020-03-08","0.50","96.0"
"USS0011J42S","SNOWBIRD, UT US","2020-03-09","0.10","94.0"
"USS0011J42S","SNOWBIRD, UT US","2020-03-10","0.00","92.0"
"USS0011J42S","SNOWBIRD, UT US","2020-03-11","0.00","91.0"
"USS0011J42S","SNOWBIRD, UT US","2020-03-12","0.10","91.0"
"USS0011J42S","SNOWBIRD, UT US","2020-03-13","0.00","91.0"
"USS0011J42S","SNOWBIRD, UT US","2020-03-14","0.30","95.0"
"USS0011J42S","SNOWBIRD, UT US","2020-03-15","0.10","94.0"
"USS0011J42S","SNOWBIRD, UT US","2020-03-16","0.00","93.0"
"USS0011J42S","SNOWBIRD, UT US","2020-03-17","0.10","95.0"
"USS0011J42S","SNOWBIRD, UT US","2020-03-18","0.40","100.0"
"USS0011J42S","SNOWBIRD, UT US","2020-03-19","0.10","99.0"
"USS0011J42S","SNOWBIRD, UT US","2020-03-20","0.10","98.0"
"USS0011J42S","SNOWBIRD, UT US","2020-03-21","0.10","97.0"
"USS0011J42S","SNOWBIRD, UT US","2020-03-22","0.00","97.0"
"USS0011J42S","SNOWBIRD, UT US","2020-03-23","0.30","98.0"
"USS0011J42S","SNOWBIRD, UT US","2020-03-24","0.20","100.0"
"USS0011J42S","SNOWBIRD, UT US","2020-03-25","0.40","106.0"
"USS0011J42S","SNOWBIRD, UT US","2020-03-26","0.20","108.0"
"USS0011J42S","SNOWBIRD, UT US","2020-03-27","0.20","109.0"
"USS0011J42S","SNOWBIRD, UT US","2020-03-28","0.30","108.0"
"USS0011J42S","SNOWBIRD, UT US","2020-03-29","0.20","109.0"
"USS0011J42S","SNOWBIRD, UT US","2020-03-30","0.10","108.0"
"USS0011J42S","SNOWBIRD, UT US","2020-03-31","0.00","104.0"
"USS0011J42S","SNOWBIRD, UT US","2020-04-01","0.10","106.0"
"USS0011J42S","SNOWBIRD, UT US","2020-04-02","0.10","103.0"
"USS0011J42S","SNOWBIRD, UT US","2020-04-03","0.00","102.0"
"USS0011J42S","SNOWBIRD, UT US","2020-04-04","0.10","101.0"
"USS0011J42S","SNOWBIRD, UT US","2020-04-05","0.70","107.0"
"USS0011J42S","SNOWBIRD, UT US","2020-04-06","0.20","107.0"
"USS0011J42S","SNOWBIRD, UT US","2020-04-07","0.00","103.0"
"USS0011J42S","SNOWBIRD, UT US","2020-04-08","0.00","99.0"
"USS0011J42S","SNOWBIRD, UT US","2020-04-09","0.00","98.0"
"USS0011J42S","SNOWBIRD, UT US","2020-04-10","0.00","96.0"
"USS0011J42S","SNOWBIRD, UT US","2020-04-11","0.00","96.0"
"USS0011J42S","SNOWBIRD, UT US","2020-04-12","0.20","97.0"
"USS0011J42S","SNOWBIRD, UT US","2020-04-13","0.10","97.0"
"USS0011J42S","SNOWBIRD, UT US","2020-04-14","0.10","95.0"
"USS0011J42S","SNOWBIRD, UT US","2020-04-15","0.40","100.0"
"USS0011J42S","SNOWBIRD, UT US","2020-04-16","0.40","102.0"
"USS0011J42S","SNOWBIRD, UT US","2020-04-17","0.10","100.0"
"USS0011J42S","SNOWBIRD, UT US","2020-04-18","0.00","98.0"
"USS0011J42S","SNOWBIRD, UT US","2020-04-19","0.00","98.0"
"USS0011J42S","SNOWBIRD, UT US","2020-04-20","0.00","96.0"
"USS0011J42S","SNOWBIRD, UT US","2020-04-21","0.00","94.0"
"USS0011J42S","SNOWBIRD, UT US","2020-04-22","0.00","93.0"
"USS0011J42S","SNOWBIRD, UT US","2020-04-23","0.50","96.0"
"USS0011J42S","SNOWBIRD, UT US","2020-04-24","0.10","93.0"
"USS0011J42S","SNOWBIRD, UT US","2020-04-25","0.00","91.0"
"USS0011J42S","SNOWBIRD, UT US","2020-04-26","0.00","88.0"
"USS0011J42S","SNOWBIRD, UT US","2020-04-27","0.00","86.0"
"USS0011J42S","SNOWBIRD, UT US","2020-04-28","0.00","82.0"
"USS0011J42S","SNOWBIRD, UT US","2020-04-29","0.00","80.0"
"USS0011J42S","SNOWBIRD, UT US","2020-04-30","0.10","76.0"
"USS0011J42S","SNOWBIRD, UT US","2020-05-01","0.00","75.0"
"USS0011J42S","SNOWBIRD, UT US","2020-05-02","0.00","71.0"
"USS0011J42S","SNOWBIRD, UT US","2020-05-03","0.00","69.0"
"USS0011J42S","SNOWBIRD, UT US","2020-05-04","0.20","68.0"
"USS0011J42S","SNOWBIRD, UT US","2020-05-05","0.00","65.0"
"USS0011J42S","SNOWBIRD, UT US","2020-05-06","0.00","63.0"
"USS0011J42S","SNOWBIRD, UT US","2020-05-07","0.00","62.0"
"USS0011J42S","SNOWBIRD, UT US","2020-05-08","0.00","58.0"
"USS0011J42S","SNOWBIRD, UT US","2020-05-09","0.00","56.0"
"USS0011J42S","SNOWBIRD, UT US","2020-05-10","0.00","54.0"
"USS0011J42S","SNOWBIRD, UT US","2020-05-11","0.00","51.0"
"USS0011J42S","SNOWBIRD, UT US","2020-05-12","0.00","50.0"
"USS0011J42S","SNOWBIRD, UT US","2020-05-13","0.00","49.0"
"USS0011J42S","SNOWBIRD, UT US","2020-05-14","0.00","46.0"
"USS0011J42S","SNOWBIRD, UT US","2020-05-15","0.00","45.0"
"USS0011J42S","SNOWBIRD, UT US","2020-05-16","0.00","42.0"
"USS0011J42S","SNOWBIRD, UT US","2020-05-17","0.00","39.0"
"USS0011J42S","SNOWBIRD, UT US","2020-05-18","0.00","36.0"
"USS0011J42S","SNOWBIRD, UT US","2020-05-19","0.00","33.0"
"USS0011J42S","SNOWBIRD, UT US","2020-05-20","0.10","33.0"
"USS0011J42S","SNOWBIRD, UT US","2020-05-21","0.00","32.0"
"USS0011J42S","SNOWBIRD, UT US","2020-05-22","0.30","34.0"
"USS0011J42S","SNOWBIRD, UT US","2020-05-23","0.40","33.0"
"USS0011J42S","SNOWBIRD, UT US","2020-05-24","0.00","33.0"
"USS0011J42S","SNOWBIRD, UT US","2020-05-25","0.00","32.0"
"USS0011J42S","SNOWBIRD, UT US","2020-05-26","0.00","30.0"
"USS0011J42S","SNOWBIRD, UT US","2020-05-27","0.00","26.0"
"USS0011J42S","SNOWBIRD, UT US","2020-05-28","0.00","21.0"
"USS0011J42S","SNOWBIRD, UT US","2020-05-29","0.00","16.0"
"USS0011J42S","SNOWBIRD, UT US","2020-05-30","0.00","13.0"
"USS0011J42S","SNOWBIRD, UT US","2020-05-31","0.00","8.0"
"USS0011J42S","SNOWBIRD, UT US","2020-06-01","0.00","4.0"
"USS0011J42S","SNOWBIRD, UT US","2020-06-02","0.00","2.0"
"USS0011J42S","SNOWBIRD, UT US","2020-06-03","0.00","1.0"
"USS0011J42S","SNOWBIRD, UT US","2020-06-04","0.00","0.0"
"USS0011J42S","SNOWBIRD, UT US","2020-06-05","0.00","0.0"
"USS0011J42S","SNOWBIRD, UT US","2020-06-06","2.40","1.0"
"USS0011J42S","SNOWBIRD, UT US","2020-06-07","0.90","8.0"
"USS0011J42S","SNOWBIRD, UT US","2020-06-08","0.50","10.0"
"USS0011J42S","SNOWBIRD, UT US","2020-06-09","0.00","4.0"
"USS0011J42S","SNOWBIRD, UT US","2020-06-10","0.00","1.0"
"USS0011J42S","SNOWBIRD, UT US","2020-06-11","0.00","0.0"
"USS0011J42S","SNOWBIRD, UT US","2020-06-12","0.00","0.0"
"USS0011J42S","SNOWBIRD, UT US","2020-06-13","0.00","0.0"
"USS0011J42S","SNOWBIRD, UT US","2020-06-14","0.00","0.0"
"USS0011J42S","SNOWBIRD, UT US","2020-06-15","0.00","0.0"
"USS0011J42S","SNOWBIRD, UT US","2020-06-16","0.20","1.0"
"USS0011J42S","SNOWBIRD, UT US","2020-06-17","0.20","2.0"
"USS0011J42S","SNOWBIRD, UT US","2020-06-18","0.00","0.0"
"USS0011J42S","SNOWBIRD, UT US","2020-06-19","0.00","0.0"
"USS0011J42S","SNOWBIRD, UT US","2020-06-20","0.00","0.0"
"USS0011J42S","SNOWBIRD, UT US","2020-06-21","0.00","0.0"
"USS0011J42S","SNOWBIRD, UT US","2020-06-22","0.00","0.0"
"USS0011J42S","SNOWBIRD, UT US","2020-06-23","0.00","0.0"
"USS0011J42S","SNOWBIRD, UT US","2020-06-24","0.00","0.0"
"USS0011J42S","SNOWBIRD, UT US","2020-06-25","0.00","0.0"
"USS0011J42S","SNOWBIRD, UT US","2020-06-26","0.00","0.0"
"USS0011J42S","SNOWBIRD, UT US","2020-06-27","0.00","0.0"
"USS0011J42S","SNOWBIRD, UT US","2020-06-28","0.20","0.0"
"USS0011J42S","SNOWBIRD, UT US","2020-06-29","0.20","1.0"
"USS0011J42S","SNOWBIRD, UT US","2020-06-30","0.00","0.0"
"USS0011J42S","SNOWBIRD, UT US","2020-07-01","0.00","0.0"
"USS0011J42S","SNOWBIRD, UT US","2020-07-02","0.00","0.0"
"USS0011J42S","SNOWBIRD, UT US","2020-07-03","0.00","0.0"
"USS0011J42S","SNOWBIRD, UT US","2020-07-04","0.00","0.0"
"USS0011J42S","SNOWBIRD, UT US","2020-07-05","0.00","0.0"
"USS0011J42S","SNOWBIRD, UT US","2020-07-06","0.00","0.0"
"USS0011J42S","SNOWBIRD, UT US","2020-07-07","0.00","0.0"
"USS0011J42S","SNOWBIRD, UT US","2020-07-08","0.00","0.0"
"USS0011J42S","SNOWBIRD, UT US","2020-07-09","0.00","0.0"
"USS0011J42S","SNOWBIRD, UT US","2020-07-10","0.00","0.0"
"USS0011J42S","SNOWBIRD, UT US","2020-07-11","0.00","0.0"
"USS0011J42S","SNOWBIRD, UT US","2020-07-12","0.00","0.0"
"USS0011J42S","SNOWBIRD, UT US","2020-07-13","0.00","0.0"
"USS0011J42S","SNOWBIRD, UT US","2020-07-14","0.00","0.0"
"USS0011J42S","SNOWBIRD, UT US","2020-07-15","0.00","0.0"
"USS0011J42S","SNOWBIRD, UT US","2020-07-16","0.00","0.0"
"USS0011J42S","SNOWBIRD, UT US","2020-07-17","0.00","0.0"
"USS0011J42S","SNOWBIRD, UT US","2020-07-18","0.00","0.0"
"USS0011J42S","SNOWBIRD, UT US","2020-07-19","0.00","0.0"
"USS0011J42S","SNOWBIRD, UT US","2020-07-20","0.00","0.0"
"USS0011J42S","SNOWBIRD, UT US","2020-07-21","0.00","0.0"
"USS0011J42S","SNOWBIRD, UT US","2020-07-22","0.30","0.0"
"USS0011J42S","SNOWBIRD, UT US","2020-07-23","0.00","0.0"
"USS0011J42S","SNOWBIRD, UT US","2020-07-24","0.00","0.0"
"USS0011J42S","SNOWBIRD, UT US","2020-07-25","0.00","0.0"
"USS0011J42S","SNOWBIRD, UT US","2020-07-26","0.10","0.0"
"USS0011J42S","SNOWBIRD, UT US","2020-07-27","0.10","0.0"
"USS0011J42S","SNOWBIRD, UT US","2020-07-28","0.00","0.0"
"USS0011J42S","SNOWBIRD, UT US","2020-07-29","0.00","0.0"
"USS0011J42S","SNOWBIRD, UT US","2020-07-30","0.00","0.0"
"USS0011J42S","SNOWBIRD, UT US","2020-07-31","0.00","0.0"
"USS0011J42S","SNOWBIRD, UT US","2020-08-01","0.00","0.0"
"USS0011J42S","SNOWBIRD, UT US","2020-08-02","0.00","0.0"
"USS0011J42S","SNOWBIRD, UT US","2020-08-03","0.00","0.0"
"USS0011J42S","SNOWBIRD, UT US","2020-08-04","0.00","0.0"
"USS0011J42S","SNOWBIRD, UT US","2020-08-05","0.00","0.0"
"USS0011J42S","SNOWBIRD, UT US","2020-08-06","0.00","0.0"
"USS0011J42S","SNOWBIRD, UT US","2020-08-07","0.00","0.0"
"USS0011J42S","SNOWBIRD, UT US","2020-08-08","0.00","0.0"
"USS0011J42S","SNOWBIRD, UT US","2020-08-09","0.00","0.0"
"USS0011J42S","SNOWBIRD, UT US","2020-08-10","0.00","0.0"
"USS0011J42S","SNOWBIRD, UT US","2020-08-11","0.00","0.0"
"USS0011J42S","SNOWBIRD, UT US","2020-08-12","0.00","0.0"
"USS0011J42S","SNOWBIRD, UT US","2020-08-13","0.00","0.0"
"USS0011J42S","SNOWBIRD, UT US","2020-08-14","0.00","0.0"
"USS0011J42S","SNOWBIRD, UT US","2020-08-15","0.00","0.0"
"USS0011J42S","SNOWBIRD, UT US","2020-08-16","0.00","0.0"
"USS0011J42S","SNOWBIRD, UT US","2020-08-17","0.00","0.0"
"USS0011J42S","SNOWBIRD, UT US","2020-08-18","0.00","0.0"
"USS0011J42S","SNOWBIRD, UT US","2020-08-19","0.00","0.0"
"USS0011J42S","SNOWBIRD, UT US","2020-08-20","0.00","0.0"
"USS0011J42S","SNOWBIRD, UT US","2020-08-21","0.00","0.0"
"USS0011J42S","SNOWBIRD, UT US","2020-08-22","0.00","0.0"
"USS0011J42S","SNOWBIRD, UT US","2020-08-23","0.00","0.0"
"USS0011J42S","SNOWBIRD, UT US","2020-08-24","0.00","0.0"
"USS0011J42S","SNOWBIRD, UT US","2020-08-25","0.00","0.0"
"USS0011J42S","SNOWBIRD, UT US","2020-08-26","0.00","0.0"
"USS0011J42S","SNOWBIRD, UT US","2020-08-27","0.00","0.0"
"USS0011J42S","SNOWBIRD, UT US","2020-08-28","0.00","0.0"
"USS0011J42S","SNOWBIRD, UT US","2020-08-29","0.00","0.0"
"USS0011J42S","SNOWBIRD, UT US","2020-08-30","0.00","0.0"
"USS0011J42S","SNOWBIRD, UT US","2020-08-31","0.10","0.0"
"USS0011J42S","SNOWBIRD, UT US","2020-09-01","0.00","0.0"
"USS0011J42S","SNOWBIRD, UT US","2020-09-02","0.00","0.0"
"USS0011J42S","SNOWBIRD, UT US","2020-09-03","0.00","0.0"
"USS0011J42S","SNOWBIRD, UT US","2020-09-04","0.00","0.0"
"USS0011J42S","SNOWBIRD, UT US","2020-09-05","0.00","0.0"
"USS0011J42S","SNOWBIRD, UT US","2020-09-06","0.00","0.0"
"USS0011J42S","SNOWBIRD, UT US","2020-09-07","0.10","1.0"
"USS0011J42S","SNOWBIRD, UT US","2020-09-08","0.10","0.0"
"USS0011J42S","SNOWBIRD, UT US","2020-09-09","0.00","0.0"
"USS0011J42S","SNOWBIRD, UT US","2020-09-10","0.00","0.0"
"USS0011J42S","SNOWBIRD, UT US","2020-09-11","0.00","0.0"
"USS0011J42S","SNOWBIRD, UT US","2020-09-12","0.00","0.0"
"USS0011J42S","SNOWBIRD, UT US","2020-09-13","0.00","0.0"
"USS0011J42S","SNOWBIRD, UT US","2020-09-14","0.00","0.0"
"USS0011J42S","SNOWBIRD, UT US","2020-09-15","0.00","0.0"
"USS0011J42S","SNOWBIRD, UT US","2020-09-16","0.00","0.0"
"USS0011J42S","SNOWBIRD, UT US","2020-09-17","0.00","0.0"
"USS0011J42S","SNOWBIRD, UT US","2020-09-18","0.00","0.0"
"USS0011J42S","SNOWBIRD, UT US","2020-09-19","0.20","0.0"
"USS0011J42S","SNOWBIRD, UT US","2020-09-20","0.00","0.0"
"USS0011J42S","SNOWBIRD, UT US","2020-09-21","0.00","0.0"
"USS0011J42S","SNOWBIRD, UT US","2020-09-22","0.00","0.0"
"USS0011J42S","SNOWBIRD, UT US","2020-09-23","0.00","0.0"
"USS0011J42S","SNOWBIRD, UT US","2020-09-24","0.00","0.0"
"USS0011J42S","SNOWBIRD, UT US","2020-09-25","0.00","0.0"
"USS0011J42S","SNOWBIRD, UT US","2020-09-26","0.10","0.0"
"USS0011J42S","SNOWBIRD, UT US","2020-09-27","0.10","0.0"
"USS0011J42S","SNOWBIRD, UT US","2020-09-28","0.00","0.0"
"USS0011J42S","SNOWBIRD, UT US","2020-09-29","0.00","0.0"
"USS0011J42S","SNOWBIRD, UT US","2020-09-30","0.00","0.0"
"USS0011J42S","SNOWBIRD, UT US","2020-10-01","0.00","0.0"
"USS0011J42S","SNOWBIRD, UT US","2020-10-02","0.00","0.0"
"USS0011J42S","SNOWBIRD, UT US","2020-10-03","0.00","0.0"
"USS0011J42S","SNOWBIRD, UT US","2020-10-04","0.00","0.0"
"USS0011J42S","SNOWBIRD, UT US","2020-10-05","0.00","0.0"
"USS0011J42S","SNOWBIRD, UT US","2020-10-06","0.00","0.0"
"USS0011J42S","SNOWBIRD, UT US","2020-10-07","0.00","0.0"
"USS0011J42S","SNOWBIRD, UT US","2020-10-08","0.00","0.0"
"USS0011J42S","SNOWBIRD, UT US","2020-10-09","0.00","0.0"
"USS0011J42S","SNOWBIRD, UT US","2020-10-10","0.00","0.0"
"USS0011J42S","SNOWBIRD, UT US","2020-10-11","0.60","0.0"
"USS0011J42S","SNOWBIRD, UT US","2020-10-12","0.00","0.0"
"USS0011J42S","SNOWBIRD, UT US","2020-10-13","0.00","0.0"
"USS0011J42S","SNOWBIRD, UT US","2020-10-14","0.00","0.0"
"USS0011J42S","SNOWBIRD, UT US","2020-10-15","0.00","0.0"
"USS0011J42S","SNOWBIRD, UT US","2020-10-16","0.00","0.0"
"USS0011J42S","SNOWBIRD, UT US","2020-10-17","0.00","0.0"
"USS0011J42S","SNOWBIRD, UT US","2020-10-18","0.00","0.0"
"USS0011J42S","SNOWBIRD, UT US","2020-10-19","0.00","0.0"
"USS0011J42S","SNOWBIRD, UT US","2020-10-20","0.00","0.0"
"USS0011J42S","SNOWBIRD, UT US","2020-10-21","0.00","0.0"
"USS0011J42S","SNOWBIRD, UT US","2020-10-22","0.00","0.0"
"USS0011J42S","SNOWBIRD, UT US","2020-10-23","0.00","0.0"
"USS0011J42S","SNOWBIRD, UT US","2020-10-24","0.00","0.0"
"USS0011J42S","SNOWBIRD, UT US","2020-10-25","0.40","4.0"
"USS0011J42S","SNOWBIRD, UT US","2020-10-26","0.00","3.0"
"USS0011J42S","SNOWBIRD, UT US","2020-10-27","0.00","2.0"
"USS0011J42S","SNOWBIRD, UT US","2020-10-28","0.00","2.0"
"USS0011J42S","SNOWBIRD, UT US","2020-10-29","0.00","1.0"
"USS0011J42S","SNOWBIRD, UT US","2020-10-30","0.00","0.0"
"USS0011J42S","SNOWBIRD, UT US","2020-10-31","0.00","0.0"
"USS0011J42S","SNOWBIRD, UT US","2020-11-01","0.00","0.0"
"USS0011J42S","SNOWBIRD, UT US","2020-11-02","0.00","0.0"
"USS0011J42S","SNOWBIRD, UT US","2020-11-03","0.00","0.0"
"USS0011J42S","SNOWBIRD, UT US","2020-11-04","0.00","0.0"
"USS0011J42S","SNOWBIRD, UT US","2020-11-05","0.00","0.0"
"USS0011J42S","SNOWBIRD, UT US","2020-11-06","0.00","0.0"
"USS0011J42S","SNOWBIRD, UT US","2020-11-07","0.80","5.0"
"USS0011J42S","SNOWBIRD, UT US","2020-11-08","0.90","20.0"
"USS0011J42S","SNOWBIRD, UT US","2020-11-09","1.10","21.0"
"USS0011J42S","SNOWBIRD, UT US","2020-11-10","0.20","16.0"
"USS0011J42S","SNOWBIRD, UT US","2020-11-11","0.40","19.0"
"USS0011J42S","SNOWBIRD, UT US","2020-11-12","0.00","18.0"
"USS0011J42S","SNOWBIRD, UT US","2020-11-13","0.90","22.0"
"USS0011J42S","SNOWBIRD, UT US","2020-11-14","0.50","23.0"
"USS0011J42S","SNOWBIRD, UT US","2020-11-15","0.40","21.0"
"USS0011J42S","SNOWBIRD, UT US","2020-11-16","0.00","18.0"
"USS0011J42S","SNOWBIRD, UT US","2020-11-17","0.00","15.0"
"USS0011J42S","SNOWBIRD, UT US","2020-11-18","0.00","15.0"
"USS0011J42S","SNOWBIRD, UT US","2020-11-19","0.00","15.0"
"USS0011J42S","SNOWBIRD, UT US","2020-11-20","0.00","15.0"
"USS0011J42S","SNOWBIRD, UT US","2020-11-21","0.00","14.0"
"USS0011J42S","SNOWBIRD, UT US","2020-11-22","0.00","14.0"
"USS0011J42S","SNOWBIRD, UT US","2020-11-23","0.00","14.0"
"USS0011J42S","SNOWBIRD, UT US","2020-11-24","0.00","14.0"
"USS0011J42S","SNOWBIRD, UT US","2020-11-25","0.20","17.0"
"USS0011J42S","SNOWBIRD, UT US","2020-11-26","0.00","17.0"
"USS0011J42S","SNOWBIRD, UT US","2020-11-27","0.20","19.0"
"USS0011J42S","SNOWBIRD, UT US","2020-11-28","0.00","19.0"
"USS0011J42S","SNOWBIRD, UT US","2020-11-29","0.00","18.0"
"USS0011J42S","SNOWBIRD, UT US","2020-11-30","0.10","18.0"
"USS0011J42S","SNOWBIRD, UT US","2020-12-01","0.00","18.0"
"USS0011J42S","SNOWBIRD, UT US","2020-12-02","0.00","17.0"
"USS0011J42S","SNOWBIRD, UT US","2020-12-03","0.00","17.0"
"USS0011J42S","SNOWBIRD, UT US","2020-12-04","0.00","17.0"
"USS0011J42S","SNOWBIRD, UT US","2020-12-05","0.00","16.0"
"USS0011J42S","SNOWBIRD, UT US","2020-12-06","0.00","16.0"
"USS0011J42S","SNOWBIRD, UT US","2020-12-07","0.00","16.0"
"USS0011J42S","SNOWBIRD, UT US","2020-12-08","0.00","16.0"
"USS0011J42S","SNOWBIRD, UT US","2020-12-09","0.00","16.0"
"USS0011J42S","SNOWBIRD, UT US","2020-12-10","0.00","16.0"
"USS0011J42S","SNOWBIRD, UT US","2020-12-11","0.00","16.0"
"USS0011J42S","SNOWBIRD, UT US","2020-12-12","0.70","27.0"
"USS0011J42S","SNOWBIRD, UT US","2020-12-13","0.00","24.0"
"USS0011J42S","SNOWBIRD, UT US","2020-12-14","0.20","26.0"
"USS0011J42S","SNOWBIRD, UT US","2020-12-15","0.20","26.0"
"USS0011J42S","SNOWBIRD, UT US","2020-12-16","0.00","24.0"
"USS0011J42S","SNOWBIRD, UT US","2020-12-17","0.60","32.0"
"USS0011J42S","SNOWBIRD, UT US","2020-12-18","0.00","31.0"
"USS0011J42S","SNOWBIRD, UT US","2020-12-19","0.00","30.0"
"USS0011J42S","SNOWBIRD, UT US","2020-12-20","0.40","28.0"
"USS0011J42S","SNOWBIRD, UT US","2020-12-21","0.00","28.0"
"USS0011J42S","SNOWBIRD, UT US","2020-12-22","0.40","32.0"
"USS0011J42S","SNOWBIRD, UT US","2020-12-23","0.00","30.0"
"USS0011J42S","SNOWBIRD, UT US","2020-12-24","0.60","31.0"
"USS0011J42S","SNOWBIRD, UT US","2020-12-25","0.00","29.0"
"USS0011J42S","SNOWBIRD, UT US","2020-12-26","0.00","28.0"
"USS0011J42S","SNOWBIRD, UT US","2020-12-27","0.40","30.0"
"USS0011J42S","SNOWBIRD, UT US","2020-12-28","0.00","30.0"
"USS0011J42S","SNOWBIRD, UT US","2020-12-29","0.00","29.0"
"USS0011J42S","SNOWBIRD, UT US","2020-12-30","0.00","28.0"
"USS0011J42S","SNOWBIRD, UT US","2020-12-31","0.10","29.0"
"USS0011J42S","SNOWBIRD, UT US","2021-01-01","0.00","29.0"
"USS0011J42S","SNOWBIRD, UT US","2021-01-02","0.00","28.0"
"USS0011J42S","SNOWBIRD, UT US","2021-01-03","0.30","30.0"
"USS0011J42S","SNOWBIRD, UT US","2021-01-04","0.10","30.0"
"USS0011J42S","SNOWBIRD, UT US","2021-01-05","0.70","37.0"
"USS0011J42S","SNOWBIRD, UT US","2021-01-06","0.00","34.0"
"USS0011J42S","SNOWBIRD, UT US","2021-01-07","0.00","33.0"
"USS0011J42S","SNOWBIRD, UT US","2021-01-08","0.00","33.0"
"USS0011J42S","SNOWBIRD, UT US","2021-01-09","0.00","33.0"
"USS0011J42S","SNOWBIRD, UT US","2021-01-10","0.00","32.0"
"USS0011J42S","SNOWBIRD, UT US","2021-01-11","0.00","32.0"
"USS0011J42S","SNOWBIRD, UT US","2021-01-12","0.10","31.0"
"USS0011J42S","SNOWBIRD, UT US","2021-01-13","0.00","31.0"
"USS0011J42S","SNOWBIRD, UT US","2021-01-14","0.00","31.0"
"USS0011J42S","SNOWBIRD, UT US","2021-01-15","0.10","32.0"
"USS0011J42S","SNOWBIRD, UT US","2021-01-16","0.00","32.0"
"USS0011J42S","SNOWBIRD, UT US","2021-01-17","0.00","32.0"
"USS0011J42S","SNOWBIRD, UT US","2021-01-18","0.20","36.0"
"USS0011J42S","SNOWBIRD, UT US","2021-01-19","0.00","33.0"
"USS0011J42S","SNOWBIRD, UT US","2021-01-20","0.10","33.0"
"USS0011J42S","SNOWBIRD, UT US","2021-01-21","0.00","32.0"
"USS0011J42S","SNOWBIRD, UT US","2021-01-22","0.90","42.0"
"USS0011J42S","SNOWBIRD, UT US","2021-01-23","0.30","45.0"
"USS0011J42S","SNOWBIRD, UT US","2021-01-24","0.10","45.0"
"USS0011J42S","SNOWBIRD, UT US","2021-01-25","0.00","45.0"
"USS0011J42S","SNOWBIRD, UT US","2021-01-26","0.10","44.0"
"USS0011J42S","SNOWBIRD, UT US","2021-01-27","0.10","46.0"
"USS0011J42S","SNOWBIRD, UT US","2021-01-28","0.60","48.0"
"USS0011J42S","SNOWBIRD, UT US","2021-01-29","1.20","58.0"
"USS0011J42S","SNOWBIRD, UT US","2021-01-30","0.00","56.0"
"USS0011J42S","SNOWBIRD, UT US","2021-01-31","0.00","54.0"
"USS0011J42S","SNOWBIRD, UT US","2021-02-01","0.00","52.0"
"USS0011J42S","SNOWBIRD, UT US","2021-02-02","0.10","50.0"
"USS0011J42S","SNOWBIRD, UT US","2021-02-03","0.30","53.0"
"USS0011J42S","SNOWBIRD, UT US","2021-02-04","0.30","56.0"
"USS0011J42S","SNOWBIRD, UT US","2021-02-05","1.10","62.0"
"USS0011J42S","SNOWBIRD, UT US","2021-02-06","0.00","58.0"
"USS0011J42S","SNOWBIRD, UT US","2021-02-07","0.00","56.0"
"USS0011J42S","SNOWBIRD, UT US","2021-02-08","0.00","55.0"
"USS0011J42S","SNOWBIRD, UT US","2021-02-09","0.10","55.0"
"USS0011J42S","SNOWBIRD, UT US","2021-02-10","0.00","53.0"
"USS0011J42S","SNOWBIRD, UT US","2021-02-11","0.10","53.0"
"USS0011J42S","SNOWBIRD, UT US","2021-02-12","0.50","63.0"
"USS0011J42S","SNOWBIRD, UT US","2021-02-13","0.50","72.0"
"USS0011J42S","SNOWBIRD, UT US","2021-02-14","0.00","70.0"
"USS0011J42S","SNOWBIRD, UT US","2021-02-15","0.50","74.0"
"USS0011J42S","SNOWBIRD, UT US","2021-02-16","2.20","90.0"
"USS0011J42S","SNOWBIRD, UT US","2021-02-17","0.60","95.0"
"USS0011J42S","SNOWBIRD, UT US","2021-02-18","0.10","86.0"
"USS0011J42S","SNOWBIRD, UT US","2021-02-19","0.30","83.0"
"USS0011J42S","SNOWBIRD, UT US","2021-02-20","0.30","84.0"
"USS0011J42S","SNOWBIRD, UT US","2021-02-21","0.00","81.0"
"USS0011J42S","SNOWBIRD, UT US","2021-02-22","0.10","78.0"
"USS0011J42S","SNOWBIRD, UT US","2021-02-23","0.00","76.0"
"USS0011J42S","SNOWBIRD, UT US","2021-02-24","0.20","78.0"
"USS0011J42S","SNOWBIRD, UT US","2021-02-25","0.00","75.0"
"USS0011J42S","SNOWBIRD, UT US","2021-02-26","0.20","78.0"
"USS0011J42S","SNOWBIRD, UT US","2021-02-27","0.50","80.0"
"USS0011J42S","SNOWBIRD, UT US","2021-02-28","0.00","76.0"
"USS0011J42S","SNOWBIRD, UT US","2021-03-01","0.20","75.0"
"USS0011J42S","SNOWBIRD, UT US","2021-03-02","0.00","73.0"
"USS0011J42S","SNOWBIRD, UT US","2021-03-03","0.00","72.0"
"USS0011J42S","SNOWBIRD, UT US","2021-03-04","0.00","71.0"
"USS0011J42S","SNOWBIRD, UT US","2021-03-05","0.10","71.0"
"USS0011J42S","SNOWBIRD, UT US","2021-03-06","0.00","69.0"
"USS0011J42S","SNOWBIRD, UT US","2021-03-07","0.00","68.0"
"USS0011J42S","SNOWBIRD, UT US","2021-03-08","0.00","66.0"
"USS0011J42S","SNOWBIRD, UT US","2021-03-09","0.10","68.0"
"USS0011J42S","SNOWBIRD, UT US","2021-03-10","0.00","68.0"
"USS0011J42S","SNOWBIRD, UT US","2021-03-11","0.20","70.0"
"USS0011J42S","SNOWBIRD, UT US","2021-03-12","0.20","71.0"
"USS0011J42S","SNOWBIRD, UT US","2021-03-13","0.50","75.0"
"USS0011J42S","SNOWBIRD, UT US","2021-03-14","0.60","76.0"
"USS0011J42S","SNOWBIRD, UT US","2021-03-15","0.00","70.0"
"USS0011J42S","SNOWBIRD, UT US","2021-03-16","0.20","73.0"
"USS0011J42S","SNOWBIRD, UT US","2021-03-17","0.10","72.0"
"USS0011J42S","SNOWBIRD, UT US","2021-03-18","0.00","71.0"
"USS0011J42S","SNOWBIRD, UT US","2021-03-19","0.00","68.0"
"USS0011J42S","SNOWBIRD, UT US","2021-03-20","1.00","80.0"
"USS0011J42S","SNOWBIRD, UT US","2021-03-21","0.50","83.0"
"USS0011J42S","SNOWBIRD, UT US","2021-03-22","0.10","82.0"
"USS0011J42S","SNOWBIRD, UT US","2021-03-23","0.10","81.0"
"USS0011J42S","SNOWBIRD, UT US","2021-03-24","0.10","80.0"
"USS0011J42S","SNOWBIRD, UT US","2021-03-25","0.50","88.0"
"USS0011J42S","SNOWBIRD, UT US","2021-03-26","0.20","86.0"
"USS0011J42S","SNOWBIRD, UT US","2021-03-27","0.00","83.0"
"USS0011J42S","SNOWBIRD, UT US","2021-03-28","0.00","79.0"
"USS0011J42S","SNOWBIRD, UT US","2021-03-29","0.00","78.0"
"USS0011J42S","SNOWBIRD, UT US","2021-03-30","0.00","77.0"
"USS0011J42S","SNOWBIRD, UT US","2021-03-31","0.00","75.0"
"USS0011J42S","SNOWBIRD, UT US","2021-04-01","0.00","72.0"
"USS0011J42S","SNOWBIRD, UT US","2021-04-02","0.00","70.0"
"USS0011J42S","SNOWBIRD, UT US","2021-04-03","0.00","68.0"
"USS0011J42S","SNOWBIRD, UT US","2021-04-04","0.00","65.0"
"USS0011J42S","SNOWBIRD, UT US","2021-04-05","0.20","66.0"
"USS0011J42S","SNOWBIRD, UT US","2021-04-06","0.60","72.0"
"USS0011J42S","SNOWBIRD, UT US","2021-04-07","0.00","68.0"
"USS0011J42S","SNOWBIRD, UT US","2021-04-08","0.00","66.0"
"USS0011J42S","SNOWBIRD, UT US","2021-04-09","0.00","66.0"
"USS0011J42S","SNOWBIRD, UT US","2021-04-10","0.00","65.0"
"USS0011J42S","SNOWBIRD, UT US","2021-04-11","0.00","64.0"
"USS0011J42S","SNOWBIRD, UT US","2021-04-12","0.00","64.0"
"USS0011J42S","SNOWBIRD, UT US","2021-04-13","0.10","63.0"
"USS0011J42S","SNOWBIRD, UT US","2021-04-14","1.20","75.0"
"USS0011J42S","SNOWBIRD, UT US","2021-04-15","0.50","77.0"
"USS0011J42S","SNOWBIRD, UT US","2021-04-16","0.10","76.0"
"USS0011J42S","SNOWBIRD, UT US","2021-04-17","0.00","73.0"
"USS0011J42S","SNOWBIRD, UT US","2021-04-18","0.00","70.0"
"USS0011J42S","SNOWBIRD, UT US","2021-04-19","0.00","69.0"
"USS0011J42S","SNOWBIRD, UT US","2021-04-20","0.00","68.0"
"USS0011J42S","SNOWBIRD, UT US","2021-04-21","0.00","67.0"
"USS0011J42S","SNOWBIRD, UT US","2021-04-22","0.00","66.0"
"USS0011J42S","SNOWBIRD, UT US","2021-04-23","0.00","64.0"
"USS0011J42S","SNOWBIRD, UT US","2021-04-24","0.00","64.0"
"USS0011J42S","SNOWBIRD, UT US","2021-04-25","0.00","63.0"
"USS0011J42S","SNOWBIRD, UT US","2021-04-26","1.40","75.0"
"USS0011J42S","SNOWBIRD, UT US","2021-04-27","0.10","74.0"
"USS0011J42S","SNOWBIRD, UT US","2021-04-28","0.00","70.0"
"USS0011J42S","SNOWBIRD, UT US","2021-04-29","0.00","66.0"
"USS0011J42S","SNOWBIRD, UT US","2021-04-30","0.00","63.0"
"USS0011J42S","SNOWBIRD, UT US","2021-05-01","0.00","61.0"
"USS0011J42S","SNOWBIRD, UT US","2021-05-02","0.00","60.0"
"USS0011J42S","SNOWBIRD, UT US","2021-05-03","0.00","58.0"
"USS0011J42S","SNOWBIRD, UT US","2021-05-04","0.00","56.0"
"USS0011J42S","SNOWBIRD, UT US","2021-05-05","0.00","54.0"
"USS0011J42S","SNOWBIRD, UT US","2021-05-06","0.00","51.0"
"USS0011J42S","SNOWBIRD, UT US","2021-05-07","0.20","48.0"
"USS0011J42S","SNOWBIRD, UT US","2021-05-08","0.00","48.0"
"USS0011J42S","SNOWBIRD, UT US","2021-05-09","0.00","46.0"
"USS0011J42S","SNOWBIRD, UT US","2021-05-10","0.10","45.0"
"USS0011J42S","SNOWBIRD, UT US","2021-05-11","0.00","43.0"
"USS0011J42S","SNOWBIRD, UT US","2021-05-12","0.00","41.0"
"USS0011J42S","SNOWBIRD, UT US","2021-05-13","0.00","38.0"
"USS0011J42S","SNOWBIRD, UT US","2021-05-14","0.00","35.0"
"USS0011J42S","SNOWBIRD, UT US","2021-05-15","0.00","33.0"
"USS0011J42S","SNOWBIRD, UT US","2021-05-16","0.10","32.0"
"USS0011J42S","SNOWBIRD, UT US","2021-05-17","0.00","28.0"
"USS0011J42S","SNOWBIRD, UT US","2021-05-18","0.00","26.0"
"USS0011J42S","SNOWBIRD, UT US","2021-05-19","0.00","23.0"
"USS0011J42S","SNOWBIRD, UT US","2021-05-20","0.00","21.0"
"USS0011J42S","SNOWBIRD, UT US","2021-05-21","0.20","20.0"
"USS0011J42S","SNOWBIRD, UT US","2021-05-22","0.00","18.0"
"USS0011J42S","SNOWBIRD, UT US","2021-05-23","0.80","23.0"
"USS0011J42S","SNOWBIRD, UT US","2021-05-24","0.00","19.0"
"USS0011J42S","SNOWBIRD, UT US","2021-05-25","0.00","17.0"
"USS0011J42S","SNOWBIRD, UT US","2021-05-26","0.00","14.0"
"USS0011J42S","SNOWBIRD, UT US","2021-05-27","0.00","11.0"
"USS0011J42S","SNOWBIRD, UT US","2021-05-28","0.00","8.0"
"USS0011J42S","SNOWBIRD, UT US","2021-05-29","0.00","6.0"
"USS0011J42S","SNOWBIRD, UT US","2021-05-30","0.00","3.0"
"USS0011J42S","SNOWBIRD, UT US","2021-05-31","0.00","2.0"
"USS0011J42S","SNOWBIRD, UT US","2021-06-01","0.00","1.0"
"USS0011J42S","SNOWBIRD, UT US","2021-06-02","0.00","0.0"
"USS0011J42S","SNOWBIRD, UT US","2021-06-03","0.00","0.0"
"USS0011J42S","SNOWBIRD, UT US","2021-06-04","0.00","0.0"
"USS0011J42S","SNOWBIRD, UT US","2021-06-05","0.00","0.0"
"USS0011J42S","SNOWBIRD, UT US","2021-06-06","0.00","0.0"
"USS0011J42S","SNOWBIRD, UT US","2021-06-07","0.00","0.0"
"USS0011J42S","SNOWBIRD, UT US","2021-06-08","0.00","0.0"
"USS0011J42S","SNOWBIRD, UT US","2021-06-09","0.00","0.0"
"USS0011J42S","SNOWBIRD, UT US","2021-06-10","0.00","0.0"
"USS0011J42S","SNOWBIRD, UT US","2021-06-11","0.00","0.0"
"USS0011J42S","SNOWBIRD, UT US","2021-06-12","0.00","0.0"
"USS0011J42S","SNOWBIRD, UT US","2021-06-13","0.00","0.0"
"USS0011J42S","SNOWBIRD, UT US","2021-06-14","0.00","0.0"
"USS0011J42S","SNOWBIRD, UT US","2021-06-15","0.00","0.0"
"USS0011J42S","SNOWBIRD, UT US","2021-06-16","0.00","0.0"
"USS0011J42S","SNOWBIRD, UT US","2021-06-17","0.00","0.0"
"USS0011J42S","SNOWBIRD, UT US","2021-06-18","0.00","0.0"
"USS0011J42S","SNOWBIRD, UT US","2021-06-19","0.00","0.0"
"USS0011J42S","SNOWBIRD, UT US","2021-06-20","0.00","0.0"
"USS0011J42S","SNOWBIRD, UT US","2021-06-21","0.00","0.0"
"USS0011J42S","SNOWBIRD, UT US","2021-06-22","0.00","0.0"
"USS0011J42S","SNOWBIRD, UT US","2021-06-23","0.00","0.0"
"USS0011J42S","SNOWBIRD, UT US","2021-06-24","0.60","0.0"
"USS0011J42S","SNOWBIRD, UT US","2021-06-25","0.00","0.0"
"USS0011J42S","SNOWBIRD, UT US","2021-06-26","0.00","0.0"
"USS0011J42S","SNOWBIRD, UT US","2021-06-27","0.00","0.0"
"USS0011J42S","SNOWBIRD, UT US","2021-06-28","0.00","0.0"
"USS0011J42S","SNOWBIRD, UT US","2021-06-29","0.00","0.0"
"USS0011J42S","SNOWBIRD, UT US","2021-06-30","0.00","0.0"
"USS0011J42S","SNOWBIRD, UT US","2021-07-01","0.00","0.0"
"USS0011J42S","SNOWBIRD, UT US","2021-07-02","0.00","0.0"
"USS0011J42S","SNOWBIRD, UT US","2021-07-03","0.00","0.0"
"USS0011J42S","SNOWBIRD, UT US","2021-07-04","0.00","0.0"
"USS0011J42S","SNOWBIRD, UT US","2021-07-05","0.00","0.0"
"USS0011J42S","SNOWBIRD, UT US","2021-07-06","0.00","0.0"
"USS0011J42S","SNOWBIRD, UT US","2021-07-07","0.00","0.0"
"USS0011J42S","SNOWBIRD, UT US","2021-07-08","0.00","0.0"
"USS0011J42S","SNOWBIRD, UT US","2021-07-09","0.00","0.0"
"USS0011J42S","SNOWBIRD, UT US","2021-07-10","0.00","0.0"
"USS0011J42S","SNOWBIRD, UT US","2021-07-11","0.00","0.0"
"USS0011J42S","SNOWBIRD, UT US","2021-07-12","0.00","0.0"
"USS0011J42S","SNOWBIRD, UT US","2021-07-13","0.00","0.0"
"USS0011J42S","SNOWBIRD, UT US","2021-07-14","0.10","0.0"
"USS0011J42S","SNOWBIRD, UT US","2021-07-15","0.00","0.0"
"USS0011J42S","SNOWBIRD, UT US","2021-07-16","0.00","0.0"
"USS0011J42S","SNOWBIRD, UT US","2021-07-17","0.00","0.0"
"USS0011J42S","SNOWBIRD, UT US","2021-07-18","0.00","0.0"
"USS0011J42S","SNOWBIRD, UT US","2021-07-19","0.20","0.0"
"USS0011J42S","SNOWBIRD, UT US","2021-07-20","0.00","0.0"
"USS0011J42S","SNOWBIRD, UT US","2021-07-21","0.00","0.0"
"USS0011J42S","SNOWBIRD, UT US","2021-07-22","0.10","0.0"
"USS0011J42S","SNOWBIRD, UT US","2021-07-23","0.00","0.0"
"USS0011J42S","SNOWBIRD, UT US","2021-07-24","0.00","0.0"
"USS0011J42S","SNOWBIRD, UT US","2021-07-25","0.00","0.0"
"USS0011J42S","SNOWBIRD, UT US","2021-07-26","0.00","0.0"
"USS0011J42S","SNOWBIRD, UT US","2021-07-27","0.00","0.0"
"USS0011J42S","SNOWBIRD, UT US","2021-07-28","0.20","0.0"
"USS0011J42S","SNOWBIRD, UT US","2021-07-29","0.00","0.0"
"USS0011J42S","SNOWBIRD, UT US","2021-07-30","0.70","0.0"
"USS0011J42S","SNOWBIRD, UT US","2021-07-31","0.10","0.0"
"USS0011J42S","SNOWBIRD, UT US","2021-08-01","1.30","0.0"
"USS0011J42S","SNOWBIRD, UT US","2021-08-02","0.00","0.0"
"USS0011J42S","SNOWBIRD, UT US","2021-08-03","0.00","0.0"
"USS0011J42S","SNOWBIRD, UT US","2021-08-04","0.00","0.0"
"USS0011J42S","SNOWBIRD, UT US","2021-08-05","0.00","0.0"
"USS0011J42S","SNOWBIRD, UT US","2021-08-06","0.00","0.0"
"USS0011J42S","SNOWBIRD, UT US","2021-08-07","0.00","0.0"
"USS0011J42S","SNOWBIRD, UT US","2021-08-08","0.00","0.0"
"USS0011J42S","SNOWBIRD, UT US","2021-08-09","0.00","0.0"
"USS0011J42S","SNOWBIRD, UT US","2021-08-10","0.00","0.0"
"USS0011J42S","SNOWBIRD, UT US","2021-08-11","0.00","0.0"
"USS0011J42S","SNOWBIRD, UT US","2021-08-12","0.00","0.0"
"USS0011J42S","SNOWBIRD, UT US","2021-08-13","0.00","0.0"
"USS0011J42S","SNOWBIRD, UT US","2021-08-14","0.00","0.0"
"USS0011J42S","SNOWBIRD, UT US","2021-08-15","0.00","0.0"
"USS0011J42S","SNOWBIRD, UT US","2021-08-16","0.00","0.0"
"USS0011J42S","SNOWBIRD, UT US","2021-08-17","0.50","0.0"
"USS0011J42S","SNOWBIRD, UT US","2021-08-18","2.00","0.0"
"USS0011J42S","SNOWBIRD, UT US","2021-08-19","0.90","0.0"
"USS0011J42S","SNOWBIRD, UT US","2021-08-20","0.00","0.0"
"USS0011J42S","SNOWBIRD, UT US","2021-08-21","0.50","0.0"
"USS0011J42S","SNOWBIRD, UT US","2021-08-22","0.00","0.0"
"USS0011J42S","SNOWBIRD, UT US","2021-08-23","0.00","0.0"
"USS0011J42S","SNOWBIRD, UT US","2021-08-24","0.00","0.0"
"USS0011J42S","SNOWBIRD, UT US","2021-08-25","0.10","0.0"
"USS0011J42S","SNOWBIRD, UT US","2021-08-26","0.00","0.0"
"USS0011J42S","SNOWBIRD, UT US","2021-08-27","0.00","0.0"
"USS0011J42S","SNOWBIRD, UT US","2021-08-28","0.00","0.0"
"USS0011J42S","SNOWBIRD, UT US","2021-08-29","0.00","0.0"
"USS0011J42S","SNOWBIRD, UT US","2021-08-30","0.00","0.0"
"USS0011J42S","SNOWBIRD, UT US","2021-08-31","0.00","0.0"
"USS0011J42S","SNOWBIRD, UT US","2021-09-01","0.10","0.0"
"USS0011J42S","SNOWBIRD, UT US","2021-09-02","0.20","0.0"
"USS0011J42S","SNOWBIRD, UT US","2021-09-03","0.00","0.0"
"USS0011J42S","SNOWBIRD, UT US","2021-09-04","0.00","0.0"
"USS0011J42S","SNOWBIRD, UT US","2021-09-05","0.00","0.0"
"USS0011J42S","SNOWBIRD, UT US","2021-09-06","0.00","0.0"
"USS0011J42S","SNOWBIRD, UT US","2021-09-07","0.00","0.0"
"USS0011J42S","SNOWBIRD, UT US","2021-09-08","0.00","0.0"
"USS0011J42S","SNOWBIRD, UT US","2021-09-09","0.00","0.0"
"USS0011J42S","SNOWBIRD, UT US","2021-09-10","0.10","0.0"
"USS0011J42S","SNOWBIRD, UT US","2021-09-11","0.10","0.0"
"USS0011J42S","SNOWBIRD, UT US","2021-09-12","0.00","0.0"
"USS0011J42S","SNOWBIRD, UT US","2021-09-13","0.00","0.0"
"USS0011J42S","SNOWBIRD, UT US","2021-09-14","0.00","0.0"
"USS0011J42S","SNOWBIRD, UT US","2021-09-15","0.00","0.0"
"USS0011J42S","SNOWBIRD, UT US","2021-09-16","0.00","0.0"
"USS0011J42S","SNOWBIRD, UT US","2021-09-17","0.00","0.0"
"USS0011J42S","SNOWBIRD, UT US","2021-09-18","0.70","0.0"
"USS0011J42S","SNOWBIRD, UT US","2021-09-19","0.20","0.0"
"USS0011J42S","SNOWBIRD, UT US","2021-09-20","0.00","0.0"
"USS0011J42S","SNOWBIRD, UT US","2021-09-21","0.00","0.0"
"USS0011J42S","SNOWBIRD, UT US","2021-09-22","0.00","0.0"
"USS0011J42S","SNOWBIRD, UT US","2021-09-23","0.00","0.0"
"USS0011J42S","SNOWBIRD, UT US","2021-09-24","0.00","0.0"
"USS0011J42S","SNOWBIRD, UT US","2021-09-25","0.00","0.0"
"USS0011J42S","SNOWBIRD, UT US","2021-09-26","0.00","0.0"
"USS0011J42S","SNOWBIRD, UT US","2021-09-27","0.00","0.0"
"USS0011J42S","SNOWBIRD, UT US","2021-09-28","0.40","0.0"
"USS0011J42S","SNOWBIRD, UT US","2021-09-29","0.00","0.0"
"USS0011J42S","SNOWBIRD, UT US","2021-09-30","0.00","0.0"
"USS0011J42S","SNOWBIRD, UT US","2021-10-01","0.00","0.0"
"USS0011J42S","SNOWBIRD, UT US","2021-10-02","0.00","0.0"
"USS0011J42S","SNOWBIRD, UT US","2021-10-03","0.00","0.0"
"USS0011J42S","SNOWBIRD, UT US","2021-10-04","0.00","0.0"
"USS0011J42S","SNOWBIRD, UT US","2021-10-05","0.20","0.0"
"USS0011J42S","SNOWBIRD, UT US","2021-10-06","0.30","0.0"
"USS0011J42S","SNOWBIRD, UT US","2021-10-07","0.50","0.0"
"USS0011J42S","SNOWBIRD, UT US","2021-10-08","2.10","7.0"
"USS0011J42S","SNOWBIRD, UT US","2021-10-09","0.90","10.0"
"USS0011J42S","SNOWBIRD, UT US","2021-10-10","0.00","10.0"
"USS0011J42S","SNOWBIRD, UT US","2021-10-11","0.70","15.0"
"USS0011J42S","SNOWBIRD, UT US","2021-10-12","0.60","16.0"
"USS0011J42S","SNOWBIRD, UT US","2021-10-13","0.10","14.0"
"USS0011J42S","SNOWBIRD, UT US","2021-10-14","0.40","18.0"
"USS0011J42S","SNOWBIRD, UT US","2021-10-15","0.00","14.0"
"USS0011J42S","SNOWBIRD, UT US","2021-10-16","0.00","11.0"
"USS0011J42S","SNOWBIRD, UT US","2021-10-17","0.00","9.0"
"USS0011J42S","SNOWBIRD, UT US","2021-10-18","0.40","14.0"
"USS0011J42S","SNOWBIRD, UT US","2021-10-19","0.80","17.0"
"USS0011J42S","SNOWBIRD, UT US","2021-10-20","0.00","14.0"
"USS0011J42S","SNOWBIRD, UT US","2021-10-21","0.00","13.0"
"USS0011J42S","SNOWBIRD, UT US","2021-10-22","0.00","11.0"
"USS0011J42S","SNOWBIRD, UT US","2021-10-23","0.40","13.0"
"USS0011J42S","SNOWBIRD, UT US","2021-10-24","0.10","9.0"
"USS0011J42S","SNOWBIRD, UT US","2021-10-25","0.50","14.0"
"USS0011J42S","SNOWBIRD, UT US","2021-10-26","0.50","18.0"
"USS0011J42S","SNOWBIRD, UT US","2021-10-27","0.70","15.0"
"USS0011J42S","SNOWBIRD, UT US","2021-10-28","0.00","14.0"
"USS0011J42S","SNOWBIRD, UT US","2021-10-29","0.00","13.0"
"USS0011J42S","SNOWBIRD, UT US","2021-10-30","0.00","12.0"
"USS0011J42S","SNOWBIRD, UT US","2021-10-31","0.00","12.0"
"USS0011J42S","SNOWBIRD, UT US","2021-11-01","0.00","10.0"
"USS0011J42S","SNOWBIRD, UT US","2021-11-02","0.30","10.0"
"USS0011J42S","SNOWBIRD, UT US","2021-11-03","0.00","10.0"
"USS0011J42S","SNOWBIRD, UT US","2021-11-04","0.00","10.0"
"USS0011J42S","SNOWBIRD, UT US","2021-11-05","0.00","9.0"
"USS0011J42S","SNOWBIRD, UT US","2021-11-06","0.00","8.0"
"USS0011J42S","SNOWBIRD, UT US","2021-11-07","0.00","8.0"
"USS0011J42S","SNOWBIRD, UT US","2021-11-08","0.00","8.0"
"USS0011J42S","SNOWBIRD, UT US","2021-11-09","1.40","17.0"
"USS0011J42S","SNOWBIRD, UT US","2021-11-10","0.00","16.0"
"USS0011J42S","SNOWBIRD, UT US","2021-11-11","0.10","16.0"
"USS0011J42S","SNOWBIRD, UT US","2021-11-12","0.00","16.0"
"USS0011J42S","SNOWBIRD, UT US","2021-11-13","0.00","16.0"
"USS0011J42S","SNOWBIRD, UT US","2021-11-14","0.00","16.0"
"USS0011J42S","SNOWBIRD, UT US","2021-11-15","0.00","15.0"
"USS0011J42S","SNOWBIRD, UT US","2021-11-16","0.10","16.0"
"USS0011J42S","SNOWBIRD, UT US","2021-11-17","0.00","16.0"
"USS0011J42S","SNOWBIRD, UT US","2021-11-18","0.00","15.0"
"USS0011J42S","SNOWBIRD, UT US","2021-11-19","0.30","18.0"
"USS0011J42S","SNOWBIRD, UT US","2021-11-20","0.00","18.0"
"USS0011J42S","SNOWBIRD, UT US","2021-11-21","0.00","17.0"
"USS0011J42S","SNOWBIRD, UT US","2021-11-22","0.00","16.0"
"USS0011J42S","SNOWBIRD, UT US","2021-11-23","0.10","18.0"
"USS0011J42S","SNOWBIRD, UT US","2021-11-24","0.10","18.0"
"USS0011J42S","SNOWBIRD, UT US","2021-11-25","0.10","19.0"
"USS0011J42S","SNOWBIRD, UT US","2021-11-26","0.00","18.0"
"USS0011J42S","SNOWBIRD, UT US","2021-11-27","0.00","18.0"
"USS0011J42S","SNOWBIRD, UT US","2021-11-28","0.00","17.0"
"USS0011J42S","SNOWBIRD, UT US","2021-11-29","0.00","17.0"
"USS0011J42S","SNOWBIRD, UT US","2021-11-30","0.00","17.0"
"USS0011J42S","SNOWBIRD, UT US","2021-12-01","0.00","17.0"
"USS0011J42S","SNOWBIRD, UT US","2021-12-02","0.00","17.0"
"USS0011J42S","SNOWBIRD, UT US","2021-12-03","0.00","17.0"
"USS0011J42S","SNOWBIRD, UT US","2021-12-04","0.00","17.0"
"USS0011J42S","SNOWBIRD, UT US","2021-12-05","0.00","17.0"
"USS0011J42S","SNOWBIRD, UT US","2021-12-06","0.00","17.0"
"USS0011J42S","SNOWBIRD, UT US","2021-12-07","0.00","17.0"
"USS0011J42S","SNOWBIRD, UT US","2021-12-08","0.00","17.0"
"USS0011J42S","SNOWBIRD, UT US","2021-12-09","1.10","31.0"
"USS0011J42S","SNOWBIRD, UT US","2021-12-10","0.50","34.0"
"USS0011J42S","SNOWBIRD, UT US","2021-12-11","0.00","31.0"
"USS0011J42S","SNOWBIRD, UT US","2021-12-12","0.00","28.0"
"USS0011J42S","SNOWBIRD, UT US","2021-12-13","0.10","22.0"
"USS0011J42S","SNOWBIRD, UT US","2021-12-14","1.70","37.0"
"USS0011J42S","SNOWBIRD, UT US","2021-12-15","0.20","39.0"
"USS0011J42S","SNOWBIRD, UT US","2021-12-16","0.50","43.0"
"USS0011J42S","SNOWBIRD, UT US","2021-12-17","0.10","42.0"
"USS0011J42S","SNOWBIRD, UT US","2021-12-18","0.20","40.0"
"USS0011J42S","SNOWBIRD, UT US","2021-12-19","0.00","38.0"
"USS0011J42S","SNOWBIRD, UT US","2021-12-20","0.00","36.0"
"USS0011J42S","SNOWBIRD, UT US","2021-12-21","0.00","36.0"
"USS0011J42S","SNOWBIRD, UT US","2021-12-22","0.00","32.0"
"USS0011J42S","SNOWBIRD, UT US","2021-12-23","1.20","40.0"
"USS0011J42S","SNOWBIRD, UT US","2021-12-24","0.40","41.0"
"USS0011J42S","SNOWBIRD, UT US","2021-12-25","0.00","40.0"
"USS0011J42S","SNOWBIRD, UT US","2021-12-26","1.30","48.0"
"USS0011J42S","SNOWBIRD, UT US","2021-12-27","0.50","55.0"
"USS0011J42S","SNOWBIRD, UT US","2021-12-28","0.10","52.0"
"USS0011J42S","SNOWBIRD, UT US","2021-12-29","0.40","54.0"
"USS0011J42S","SNOWBIRD, UT US","2021-12-30","2.00","71.0"
"USS0011J42S","SNOWBIRD, UT US","2021-12-31","0.30","72.0"
"USS0011J42S","SNOWBIRD, UT US","2022-01-01","0.20","67.0"
"USS0011J42S","SNOWBIRD, UT US","2022-01-02","0.00","65.0"
"USS0011J42S","SNOWBIRD, UT US","2022-01-03","0.00","62.0"
"USS0011J42S","SNOWBIRD, UT US","2022-01-04","0.10","63.0"
"USS0011J42S","SNOWBIRD, UT US","2022-01-05","2.30","70.0"
"USS0011J42S","SNOWBIRD, UT US","2022-01-06","0.30","70.0"
"USS0011J42S","SNOWBIRD, UT US","2022-01-07","0.10","67.0"
"USS0011J42S","SNOWBIRD, UT US","2022-01-08","0.10","67.0"
"USS0011J42S","SNOWBIRD, UT US","2022-01-09","0.00","66.0"
"USS0011J42S","SNOWBIRD, UT US","2022-01-10","0.10",
