STATION,NAME,DATE,DAPR,MDPR,PRCP,SNOW,SNWD,lat,long,,,,,
US1CAMN0005,"MAMMOTH LAKES 16.3 ESE, CA US",3/17/2018,,,0.41,4,4,37.6198538,-118.9829602,,,,,
US1CAMN0005,"MAMMOTH LAKES 16.3 ESE, CA US",3/23/2018,,,1.25,3.5,3.5,37.6198538,-118.9829602,,,,,
US1CAMN0005,"MAMMOTH LAKES 16.3 ESE, CA US",4/7/2018,,,0.84,0.84,,37.6198538,-118.9829602,,,,,
US1CAMN0005,"MAMMOTH LAKES 16.3 ESE, CA US",5/1/2018,,,0.06,0.8,0.8,37.6198538,-118.9829602,,,,,
US1CAMN0005,"MAMMOTH LAKES 16.3 ESE, CA US",5/15/2018,,,0.09,0.09,,37.6198538,-118.9829602,,,,,
US1CAMN0005,"MAMMOTH LAKES 16.3 ESE, CA US",5/21/2018,,,0.61,0.61,,37.6198538,-118.9829602,,,,,
US1CAMN0005,"MAMMOTH LAKES 16.3 ESE, CA US",5/22/2018,,,0.44,0.44,,37.6198538,-118.9829602,,,,,
US1CAMN0005,"MAMMOTH LAKES 16.3 ESE, CA US",5/23/2018,,,0.14,0.14,,37.6198538,-118.9829602,,,,,
US1CAMN0005,"MAMMOTH LAKES 16.3 ESE, CA US",7/13/2018,,,0.98,0.98,,37.6198538,-118.9829602,,,,,
US1CAMN0005,"MAMMOTH LAKES 16.3 ESE, CA US",7/20/2018,,,0.2,0.2,,37.6198538,-118.9829602,,,,,
US1CAMN0005,"MAMMOTH LAKES 16.3 ESE, CA US",7/21/2018,,,0.33,0.33,,37.6198538,-118.9829602,,,,,
US1CAMN0005,"MAMMOTH LAKES 16.3 ESE, CA US",8/1/2018,,,2.65,2.65,,37.6198538,-118.9829602,,,,,
US1CAMN0005,"MAMMOTH LAKES 16.3 ESE, CA US",8/12/2018,,,0.1,0.1,,37.6198538,-118.9829602,,,,,
US1CAMN0005,"MAMMOTH LAKES 16.3 ESE, CA US",9/5/2018,,,0.2,0.2,,37.6198538,-118.9829602,,,,,
US1CAMN0005,"MAMMOTH LAKES 16.3 ESE, CA US",10/3/2018,,,0.21,0.21,,37.6198538,-118.9829602,,,,,
US1CAMN0005,"MAMMOTH LAKES 16.3 ESE, CA US",10/4/2018,,,0.06,0.06,,37.6198538,-118.9829602,,,,,
US1CAMN0005,"MAMMOTH LAKES 16.3 ESE, CA US",10/7/2018,,,0.07,0.07,,37.6198538,-118.9829602,,,,,
US1CAMN0005,"MAMMOTH LAKES 16.3 ESE, CA US",11/22/2018,,,0.4,4,4,37.6198538,-118.9829602,,,,,
US1CAMN0005,"MAMMOTH LAKES 16.3 ESE, CA US",11/28/2018,,,0.16,0.16,,37.6198538,-118.9829602,,,,,
US1CAMN0005,"MAMMOTH LAKES 16.3 ESE, CA US",11/29/2018,,,0.41,3.5,3.5,37.6198538,-118.9829602,,,,,
US1CAMN0005,"MAMMOTH LAKES 16.3 ESE, CA US",12/1/2018,,,0.21,2.5,5.5,37.6198538,-118.9829602,,,,,
US1CAMN0005,"MAMMOTH LAKES 16.3 ESE, CA US",12/5/2018,,,0.15,1.5,4.5,37.6198538,-118.9829602,,,,,
US1CAMN0005,"MAMMOTH LAKES 16.3 ESE, CA US",12/6/2018,,,0.1,1,5,37.6198538,-118.9829602,,,,,
US1CAMN0005,"MAMMOTH LAKES 16.3 ESE, CA US",1/6/2019,,,0.45,5,7,37.6198538,-118.9829602,,,,,
US1CAMN0005,"MAMMOTH LAKES 16.3 ESE, CA US",1/10/2019,,,0.12,1.2,5.5,37.6198538,-118.9829602,,,,,
US1CAMN0005,"MAMMOTH LAKES 16.3 ESE, CA US",1/15/2019,,,0.05,0.5,4.5,37.6198538,-118.9829602,,,,,
US1CAMN0005,"MAMMOTH LAKES 16.3 ESE, CA US",1/16/2019,,,2.5,2.5,10,37.6198538,-118.9829602,,,,,
US1CAMN0005,"MAMMOTH LAKES 16.3 ESE, CA US",1/21/2019,,,,10,16,37.6198538,-118.9829602,,,,,
US1CAMN0005,"MAMMOTH LAKES 16.3 ESE, CA US",2/2/2019,,,0.2,2,15,37.6198538,-118.9829602,,,,,
US1CAMN0005,"MAMMOTH LAKES 16.3 ESE, CA US",2/4/2019,,,0.45,4,24,37.6198538,-118.9829602,,,,,
US1CAMN0005,"MAMMOTH LAKES 16.3 ESE, CA US",2/5/2019,,,0.65,8,32,37.6198538,-118.9829602,,,,,
US1CAMN0005,"MAMMOTH LAKES 16.3 ESE, CA US",2/9/2019,,,0.35,3.5,32,37.6198538,-118.9829602,,,,,
US1CAMN0005,"MAMMOTH LAKES 16.3 ESE, CA US",2/11/2019,,,0.4,5,36,37.6198538,-118.9829602,,,,,
US1CAMN0005,"MAMMOTH LAKES 16.3 ESE, CA US",2/13/2019,,,0.6,4.5,36,37.6198538,-118.9829602,,,,,
US1CAMN0005,"MAMMOTH LAKES 16.3 ESE, CA US",2/15/2019,,,0.27,3,33,37.6198538,-118.9829602,,,,,
US1CAMN0005,"MAMMOTH LAKES 16.3 ESE, CA US",2/27/2019,,,0.1,1,33,37.6198538,-118.9829602,,,,,
US1CAMN0005,"MAMMOTH LAKES 16.3 ESE, CA US",3/3/2019,,,0.95,3,26,37.6198538,-118.9829602,,,,,
US1CAMN0005,"MAMMOTH LAKES 16.3 ESE, CA US",3/6/2019,,,1.45,7.3,34,37.6198538,-118.9829602,,,,,
US1CAMN0005,"MAMMOTH LAKES 16.3 ESE, CA US",3/20/2019,,,1.1,0.5,25,37.6198538,-118.9829602,,,,,
US1CAMN0005,"MAMMOTH LAKES 16.3 ESE, CA US",4/2/2019,,,0.01,0.01,18,37.6198538,-118.9829602,,,,,
US1CAMN0005,"MAMMOTH LAKES 16.3 ESE, CA US",4/3/2019,,,0.09,0.09,15,37.6198538,-118.9829602,,,,,
US1CAMN0005,"MAMMOTH LAKES 16.3 ESE, CA US",5/10/2019,,,0.4,0.4,,37.6198538,-118.9829602,,,,,
US1CAMN0005,"MAMMOTH LAKES 16.3 ESE, CA US",5/16/2019,,,0.38,0,0,37.6198538,-118.9829602,,,,,
US1CAMN0005,"MAMMOTH LAKES 16.3 ESE, CA US",5/17/2019,,,0.1,0.1,,37.6198538,-118.9829602,,,,,
US1CAMN0005,"MAMMOTH LAKES 16.3 ESE, CA US",5/23/2019,,,0.46,0.46,,37.6198538,-118.9829602,,,,,
US1CAMN0005,"MAMMOTH LAKES 16.3 ESE, CA US",5/24/2019,,,0.35,0.35,,37.6198538,-118.9829602,,,,,
US1CAMN0005,"MAMMOTH LAKES 16.3 ESE, CA US",6/1/2019,,,0.08,0.08,,37.6198538,-118.9829602,,,,,
US1CAMN0005,"MAMMOTH LAKES 16.3 ESE, CA US",6/3/2019,,,0.1,0.1,,37.6198538,-118.9829602,,,,,
US1CAMN0005,"MAMMOTH LAKES 16.3 ESE, CA US",7/26/2019,,,0.2,0.2,,37.6198538,-118.9829602,,,,,
US1CAMN0005,"MAMMOTH LAKES 16.3 ESE, CA US",8/8/2019,,,0.2,0.2,,37.6198538,-118.9829602,,,,,
US1CAMN0005,"MAMMOTH LAKES 16.3 ESE, CA US",9/5/2019,,,0.12,0.12,,37.6198538,-118.9829602,,,,,
US1CAMN0005,"MAMMOTH LAKES 16.3 ESE, CA US",9/6/2019,,,0.05,0.05,,37.6198538,-118.9829602,,,,,
US1CAMN0005,"MAMMOTH LAKES 16.3 ESE, CA US",11/21/2019,,,0.18,2,2,37.6198538,-118.9829602,,,,,
US1CAMN0005,"MAMMOTH LAKES 16.3 ESE, CA US",11/27/2019,,,0.5,6,6,37.6198538,-118.9829602,,,,,
US1CAMN0005,"MAMMOTH LAKES 16.3 ESE, CA US",12/1/2019,,,0.2,2,8,37.6198538,-118.9829602,,,,,
US1CAMN0005,"MAMMOTH LAKES 16.3 ESE, CA US",12/2/2019,,,0.65,1.6,9,37.6198538,-118.9829602,,,,,
US1CAMN0005,"MAMMOTH LAKES 16.3 ESE, CA US",12/5/2019,,,0.25,1,8,37.6198538,-118.9829602,,,,,
US1CAMN0005,"MAMMOTH LAKES 16.3 ESE, CA US",12/8/2019,,,0.6,7.5,14,37.6198538,-118.9829602,,,,,
US1CAMN0005,"MAMMOTH LAKES 16.3 ESE, CA US",12/23/2019,,,0.3,3,6,37.6198538,-118.9829602,,,,,
US1CAMN0005,"MAMMOTH LAKES 16.3 ESE, CA US",12/24/2019,,,0.1,1,8,37.6198538,-118.9829602,,,,,
US1CAMN0005,"MAMMOTH LAKES 16.3 ESE, CA US",12/26/2019,,,0.35,5,11,37.6198538,-118.9829602,,,,,
US1CAMN0005,"MAMMOTH LAKES 16.3 ESE, CA US",1/17/2020,,,0.5,5,7.5,37.6198538,-118.9829602,,,,,
US1CAMN0005,"MAMMOTH LAKES 16.3 ESE, CA US",1/27/2020,,,0.04,0.04,3,37.6198538,-118.9829602,,,,,
US1CAMN0005,"MAMMOTH LAKES 16.3 ESE, CA US",3/11/2020,,,0.12,0.12,,37.6198538,-118.9829602,,,,,
US1CAMN0005,"MAMMOTH LAKES 16.3 ESE, CA US",3/17/2020,,,1,7.5,7.5,37.6198538,-118.9829602,,,,,
US1CAMN0005,"MAMMOTH LAKES 16.3 ESE, CA US",3/23/2020,,,0.06,0.5,4,37.6198538,-118.9829602,,,,,
US1CAMN0005,"MAMMOTH LAKES 16.3 ESE, CA US",3/27/2020,,,0.05,1,3.5,37.6198538,-118.9829602,,,,,
US1CAMN0005,"MAMMOTH LAKES 16.3 ESE, CA US",4/6/2020,,,1,1,1,37.6198538,-118.9829602,,,,,
US1CAMN0005,"MAMMOTH LAKES 16.3 ESE, CA US",4/7/2020,,,0.18,1,1,37.6198538,-118.9829602,,,,,
US1CAMN0005,"MAMMOTH LAKES 16.3 ESE, CA US",4/8/2020,,,0.04,0.5,0.5,37.6198538,-118.9829602,,,,,
US1CAMN0005,"MAMMOTH LAKES 16.3 ESE, CA US",4/9/2020,,,0.2,1.5,1.5,37.6198538,-118.9829602,,,,,
US1CAMN0005,"MAMMOTH LAKES 16.3 ESE, CA US",4/18/2020,,,0.5,0,0,37.6198538,-118.9829602,,,,,
US1CAMN0005,"MAMMOTH LAKES 16.3 ESE, CA US",5/19/2020,,,0.02,0.2,0.2,37.6198538,-118.9829602,,,,,
US1CAMN0005,"MAMMOTH LAKES 16.3 ESE, CA US",6/6/2020,,,0.03,0.03,,37.6198538,-118.9829602,,,,,
US1CAMN0005,"MAMMOTH LAKES 16.3 ESE, CA US",6/26/2020,,,0.3,0.3,,37.6198538,-118.9829602,,,,,
US1CAMN0005,"MAMMOTH LAKES 16.3 ESE, CA US",7/22/2020,,,0.03,0.03,,37.6198538,-118.9829602,,,,,
US1CAMN0005,"MAMMOTH LAKES 16.3 ESE, CA US",8/12/2020,,,0.01,0.01,,37.6198538,-118.9829602,,,,,
US1CAMN0005,"MAMMOTH LAKES 16.3 ESE, CA US",8/17/2020,,,0.36,0.36,,37.6198538,-118.9829602,,,,,
US1CAMN0005,"MAMMOTH LAKES 16.3 ESE, CA US",8/19/2020,,,0.04,0.04,,37.6198538,-118.9829602,,,,,
US1CAMN0005,"MAMMOTH LAKES 16.3 ESE, CA US",11/8/2020,,,0.1,1,1,37.6198538,-118.9829602,,,,,
US1CAMN0005,"MAMMOTH LAKES 16.3 ESE, CA US",11/18/2020,,,0.15,1,1,37.6198538,-118.9829602,,,,,
US1CAMN0005,"MAMMOTH LAKES 16.3 ESE, CA US",12/14/2020,,,0.25,3.5,3.5,37.6198538,-118.9829602,,,,,
US1CAMN0005,"MAMMOTH LAKES 16.3 ESE, CA US",12/17/2020,,,0.23,3.5,6,37.6198538,-118.9829602,,,,,
US1CAMN0005,"MAMMOTH LAKES 16.3 ESE, CA US",12/18/2020,,,0.12,1.5,6.5,37.6198538,-118.9829602,,,,,
US1CAMN0005,"MAMMOTH LAKES 16.3 ESE, CA US",12/28/2020,,,0.45,5,6,37.6198538,-118.9829602,,,,,
US1CAMN0005,"MAMMOTH LAKES 16.3 ESE, CA US",1/27/2021,,,0.4,8,,37.6198538,-118.9829602,,,,,
US1CAMN0005,"MAMMOTH LAKES 16.3 ESE, CA US",1/29/2021,2,2,0,0,23,37.6198538,-118.9829602,,,,,
US1CAMN0005,"MAMMOTH LAKES 16.3 ESE, CA US",2/12/2021,,,0.64,7.5,11,37.6198538,-118.9829602,,,,,
US1CAMN0005,"MAMMOTH LAKES 16.3 ESE, CA US",3/12/2021,,,0.1,1.5,1.5,37.6198538,-118.9829602,,,,,
US1CAMN0005,"MAMMOTH LAKES 16.3 ESE, CA US",3/20/2021,,,0.14,0.5,0.5,37.6198538,-118.9829602,,,,,
US1CAMN0005,"MAMMOTH LAKES 16.3 ESE, CA US",5/17/2021,,,0.01,0.01,,37.6198538,-118.9829602,,,,,
US1CAMN0005,"MAMMOTH LAKES 16.3 ESE, CA US",5/21/2021,,,0.02,0.2,0.2,37.6198538,-118.9829602,,,,,
US1CAMN0005,"MAMMOTH LAKES 16.3 ESE, CA US",5/22/2021,,,0.04,0.4,0.4,37.6198538,-118.9829602,,,,,
US1CAMN0005,"MAMMOTH LAKES 16.3 ESE, CA US",6/5/2021,,,0.16,0.16,,37.6198538,-118.9829602,,,,,
US1CAMN0005,"MAMMOTH LAKES 16.3 ESE, CA US",6/29/2021,,,0.08,0.08,,37.6198538,-118.9829602,,,,,
US1CAMN0005,"MAMMOTH LAKES 16.3 ESE, CA US",6/30/2021,,,0.05,0.05,,37.6198538,-118.9829602,,,,,
US1CAMN0005,"MAMMOTH LAKES 16.3 ESE, CA US",7/1/2021,,,0.4,0.4,,37.6198538,-118.9829602,,,,,
US1CAMN0005,"MAMMOTH LAKES 16.3 ESE, CA US",7/10/2021,,,0.11,0.11,,37.6198538,-118.9829602,,,,,
US1CAMN0005,"MAMMOTH LAKES 16.3 ESE, CA US",7/11/2021,,,0.03,0.03,,37.6198538,-118.9829602,,,,,
US1CAMN0005,"MAMMOTH LAKES 16.3 ESE, CA US",7/12/2021,,,0.14,0.14,,37.6198538,-118.9829602,,,,,
US1CAMN0005,"MAMMOTH LAKES 16.3 ESE, CA US",7/13/2021,,,0.38,0.38,,37.6198538,-118.9829602,,,,,
US1CAMN0005,"MAMMOTH LAKES 16.3 ESE, CA US",7/19/2021,,,0.08,0.08,,37.6198538,-118.9829602,,,,,
US1CAMN0005,"MAMMOTH LAKES 16.3 ESE, CA US",7/20/2021,,,0.2,0.2,,37.6198538,-118.9829602,,,,,
US1CAMN0005,"MAMMOTH LAKES 16.3 ESE, CA US",7/24/2021,,,0.07,0.07,,37.6198538,-118.9829602,,,,,
US1CAMN0005,"MAMMOTH LAKES 16.3 ESE, CA US",7/27/2021,,,0.02,0.02,,37.6198538,-118.9829602,,,,,
US1CAMN0005,"MAMMOTH LAKES 16.3 ESE, CA US",7/29/2021,,,0.02,0.02,,37.6198538,-118.9829602,,,,,
US1CAMN0005,"MAMMOTH LAKES 16.3 ESE, CA US",8/1/2021,,,0.06,0.06,,37.6198538,-118.9829602,,,,,
US1CAMN0005,"MAMMOTH LAKES 16.3 ESE, CA US",8/15/2021,,,0.07,0.07,,37.6198538,-118.9829602,,,,,
US1CAMN0005,"MAMMOTH LAKES 16.3 ESE, CA US",9/10/2021,,,0.51,0.51,,37.6198538,-118.9829602,,,,,
US1CAMN0005,"MAMMOTH LAKES 16.3 ESE, CA US",10/9/2021,,,0.26,0.26,,37.6198538,-118.9829602,,,,,
US1CAMN0005,"MAMMOTH LAKES 16.3 ESE, CA US",10/12/2021,,,0.09,1.5,1.5,37.6198538,-118.9829602,,,,,
US1CAMN0005,"MAMMOTH LAKES 16.3 ESE, CA US",10/18/2021,,,0.25,2.5,2.5,37.6198538,-118.9829602,,,,,
US1CAMN0005,"MAMMOTH LAKES 16.3 ESE, CA US",10/25/2021,,,1.32,0,0,37.6198538,-118.9829602,,,,,
US1CAMN0005,"MAMMOTH LAKES 16.3 ESE, CA US",11/9/2021,,,0.56,0,0,37.6198538,-118.9829602,,,,,
US1CAMN0005,"MAMMOTH LAKES 16.3 ESE, CA US",12/7/2021,,,0.04,0.04,,37.6198538,-118.9829602,,,,,
US1CAMN0005,"MAMMOTH LAKES 16.3 ESE, CA US",12/13/2021,,,2.5,2.5,,37.6198538,-118.9829602,,,,,
US1CAMN0005,"MAMMOTH LAKES 16.3 ESE, CA US",12/14/2021,,,1.1,12,,37.6198538,-118.9829602,,,,,
US1CAMN0005,"MAMMOTH LAKES 16.3 ESE, CA US",12/23/2021,,,0.8,0.5,,37.6198538,-118.9829602,,,,,
US1CAMN0005,"MAMMOTH LAKES 16.3 ESE, CA US",12/24/2021,,,1.6,9,,37.6198538,-118.9829602,,,,,
US1CAMN0005,"MAMMOTH LAKES 16.3 ESE, CA US",12/26/2021,,,0.35,4,,37.6198538,-118.9829602,,,,,
US1CAMN0005,"MAMMOTH LAKES 16.3 ESE, CA US",12/28/2021,,,0.45,5,,37.6198538,-118.9829602,,,,,
US1CAMN0005,"MAMMOTH LAKES 16.3 ESE, CA US",12/30/2021,2,0.7,0,0,25,37.6198538,-118.9829602,,,,,
USC00045280,"MAMMOTH LAKES RANGER STATION, CA US",1/1/2018,,,0,0,0,37.6198538,-118.9829602,,,,,
USC00045280,"MAMMOTH LAKES RANGER STATION, CA US",1/2/2018,,,0,0,0,37.6198538,-118.9829602,,,,,
USC00045280,"MAMMOTH LAKES RANGER STATION, CA US",1/3/2018,,,0,0,0,37.6198538,-118.9829602,,,,,
USC00045280,"MAMMOTH LAKES RANGER STATION, CA US",1/4/2018,,,0,0,0,37.6198538,-118.9829602,,,,,
USC00045280,"MAMMOTH LAKES RANGER STATION, CA US",1/5/2018,,,0,0,0,37.6198538,-118.9829602,,,,,
USC00045280,"MAMMOTH LAKES RANGER STATION, CA US",1/6/2018,,,0.25,0,0,37.6198538,-118.9829602,,,,,
USC00045280,"MAMMOTH LAKES RANGER STATION, CA US",1/7/2018,,,0,0,0,37.6198538,-118.9829602,,,,,
USC00045280,"MAMMOTH LAKES RANGER STATION, CA US",1/8/2018,,,0,0,0,37.6198538,-118.9829602,,,,,
USC00045280,"MAMMOTH LAKES RANGER STATION, CA US",1/9/2018,,,0.31,2,2,37.6198538,-118.9829602,,,,,
USC00045280,"MAMMOTH LAKES RANGER STATION, CA US",1/10/2018,,,0.16,0,2,37.6198538,-118.9829602,,,,,
USC00045280,"MAMMOTH LAKES RANGER STATION, CA US",1/11/2018,,,0,0,0,37.6198538,-118.9829602,,,,,
USC00045280,"MAMMOTH LAKES RANGER STATION, CA US",1/12/2018,,,0,0,0,37.6198538,-118.9829602,,,,,
USC00045280,"MAMMOTH LAKES RANGER STATION, CA US",1/13/2018,,,0,0,0,37.6198538,-118.9829602,,,,,
USC00045280,"MAMMOTH LAKES RANGER STATION, CA US",1/14/2018,,,0,0,0,37.6198538,-118.9829602,,,,,
USC00045280,"MAMMOTH LAKES RANGER STATION, CA US",1/15/2018,,,0,0,0,37.6198538,-118.9829602,,,,,
USC00045280,"MAMMOTH LAKES RANGER STATION, CA US",1/16/2018,,,0,0,0,37.6198538,-118.9829602,,,,,
USC00045280,"MAMMOTH LAKES RANGER STATION, CA US",1/17/2018,,,0,0,0,37.6198538,-118.9829602,,,,,
USC00045280,"MAMMOTH LAKES RANGER STATION, CA US",1/18/2018,,,0,0,0,37.6198538,-118.9829602,,,,,
USC00045280,"MAMMOTH LAKES RANGER STATION, CA US",1/19/2018,,,0,0,0,37.6198538,-118.9829602,,,,,
USC00045280,"MAMMOTH LAKES RANGER STATION, CA US",1/20/2018,,,0,0,0,37.6198538,-118.9829602,,,,,
USC00045280,"MAMMOTH LAKES RANGER STATION, CA US",1/21/2018,,,0,0,0,37.6198538,-118.9829602,,,,,
USC00045280,"MAMMOTH LAKES RANGER STATION, CA US",1/22/2018,,,0,0,0,37.6198538,-118.9829602,,,,,
USC00045280,"MAMMOTH LAKES RANGER STATION, CA US",1/23/2018,,,0,0,0,37.6198538,-118.9829602,,,,,
USC00045280,"MAMMOTH LAKES RANGER STATION, CA US",1/24/2018,,,0,0,0,37.6198538,-118.9829602,,,,,
USC00045280,"MAMMOTH LAKES RANGER STATION, CA US",1/25/2018,,,1,3,3,37.6198538,-118.9829602,,,,,
USC00045280,"MAMMOTH LAKES RANGER STATION, CA US",1/26/2018,,,0.2,2,2,37.6198538,-118.9829602,,,,,
USC00045280,"MAMMOTH LAKES RANGER STATION, CA US",1/27/2018,,,0,0,2,37.6198538,-118.9829602,,,,,
USC00045280,"MAMMOTH LAKES RANGER STATION, CA US",1/28/2018,,,0,0,0,37.6198538,-118.9829602,,,,,
USC00045280,"MAMMOTH LAKES RANGER STATION, CA US",1/29/2018,,,0,0,0,37.6198538,-118.9829602,,,,,
USC00045280,"MAMMOTH LAKES RANGER STATION, CA US",1/31/2018,,,0,0,0,37.6198538,-118.9829602,,,,,
USC00045280,"MAMMOTH LAKES RANGER STATION, CA US",2/1/2018,,,0,0,0,37.6198538,-118.9829602,,,,,
USC00045280,"MAMMOTH LAKES RANGER STATION, CA US",2/2/2018,,,0,0,0,37.6198538,-118.9829602,,,,,
USC00045280,"MAMMOTH LAKES RANGER STATION, CA US",2/3/2018,,,0,0,0,37.6198538,-118.9829602,,,,,
USC00045280,"MAMMOTH LAKES RANGER STATION, CA US",2/4/2018,,,0,0,0,37.6198538,-118.9829602,,,,,
USC00045280,"MAMMOTH LAKES RANGER STATION, CA US",2/5/2018,,,0,0,0,37.6198538,-118.9829602,,,,,
USC00045280,"MAMMOTH LAKES RANGER STATION, CA US",2/6/2018,,,0,0,0,37.6198538,-118.9829602,,,,,
USC00045280,"MAMMOTH LAKES RANGER STATION, CA US",2/7/2018,,,0,0,0,37.6198538,-118.9829602,,,,,
USC00045280,"MAMMOTH LAKES RANGER STATION, CA US",2/8/2018,,,0,0,0,37.6198538,-118.9829602,,,,,
USC00045280,"MAMMOTH LAKES RANGER STATION, CA US",2/9/2018,,,0,0,0,37.6198538,-118.9829602,,,,,
USC00045280,"MAMMOTH LAKES RANGER STATION, CA US",2/10/2018,,,0,0,0,37.6198538,-118.9829602,,,,,
USC00045280,"MAMMOTH LAKES RANGER STATION, CA US",2/11/2018,,,0,0,0,37.6198538,-118.9829602,,,,,
USC00045280,"MAMMOTH LAKES RANGER STATION, CA US",2/12/2018,,,0.01,0.1,0,37.6198538,-118.9829602,,,,,
USC00045280,"MAMMOTH LAKES RANGER STATION, CA US",2/13/2018,,,0.01,0.5,1,37.6198538,-118.9829602,,,,,
USC00045280,"MAMMOTH LAKES RANGER STATION, CA US",2/14/2018,,,0,0,0,37.6198538,-118.9829602,,,,,
USC00045280,"MAMMOTH LAKES RANGER STATION, CA US",2/15/2018,,,0,0,0,37.6198538,-118.9829602,,,,,
USC00045280,"MAMMOTH LAKES RANGER STATION, CA US",2/16/2018,,,0,0,0,37.6198538,-118.9829602,,,,,
USC00045280,"MAMMOTH LAKES RANGER STATION, CA US",2/17/2018,,,0,0,0,37.6198538,-118.9829602,,,,,
USC00045280,"MAMMOTH LAKES RANGER STATION, CA US",2/18/2018,,,0,0,0,37.6198538,-118.9829602,,,,,
USC00045280,"MAMMOTH LAKES RANGER STATION, CA US",2/19/2018,,,0.01,1,1,37.6198538,-118.9829602,,,,,
USC00045280,"MAMMOTH LAKES RANGER STATION, CA US",2/20/2018,,,0.02,2,3,37.6198538,-118.9829602,,,,,
USC00045280,"MAMMOTH LAKES RANGER STATION, CA US",2/21/2018,,,0.01,0.1,0,37.6198538,-118.9829602,,,,,
USC00045280,"MAMMOTH LAKES RANGER STATION, CA US",2/22/2018,,,0.02,0.1,0,37.6198538,-118.9829602,,,,,
USC00045280,"MAMMOTH LAKES RANGER STATION, CA US",2/23/2018,,,0.2,3.9,4,37.6198538,-118.9829602,,,,,
USC00045280,"MAMMOTH LAKES RANGER STATION, CA US",2/24/2018,,,0,0,4,37.6198538,-118.9829602,,,,,
USC00045280,"MAMMOTH LAKES RANGER STATION, CA US",2/25/2018,,,0,0,3,37.6198538,-118.9829602,,,,,
USC00045280,"MAMMOTH LAKES RANGER STATION, CA US",2/26/2018,,,0,0,0,37.6198538,-118.9829602,,,,,
USC00045280,"MAMMOTH LAKES RANGER STATION, CA US",2/27/2018,,,0.2,4.5,5,37.6198538,-118.9829602,,,,,
USC00045280,"MAMMOTH LAKES RANGER STATION, CA US",2/28/2018,,,0,0,3,37.6198538,-118.9829602,,,,,
USC00045280,"MAMMOTH LAKES RANGER STATION, CA US",3/1/2018,,,0.01,0,3,37.6198538,-118.9829602,,,,,
USC00045280,"MAMMOTH LAKES RANGER STATION, CA US",3/2/2018,,,1,14,17,37.6198538,-118.9829602,,,,,
USC00045280,"MAMMOTH LAKES RANGER STATION, CA US",3/3/2018,,,0.35,7,21,37.6198538,-118.9829602,,,,,
USC00045280,"MAMMOTH LAKES RANGER STATION, CA US",3/4/2018,,,0.04,3,18,37.6198538,-118.9829602,,,,,
USC00045280,"MAMMOTH LAKES RANGER STATION, CA US",3/5/2018,,,0,0,17,37.6198538,-118.9829602,,,,,
USC00045280,"MAMMOTH LAKES RANGER STATION, CA US",3/6/2018,,,0,0,14,37.6198538,-118.9829602,,,,,
USC00045280,"MAMMOTH LAKES RANGER STATION, CA US",3/7/2018,,,0,0,12,37.6198538,-118.9829602,,,,,
USC00045280,"MAMMOTH LAKES RANGER STATION, CA US",3/8/2018,,,0,0,10,37.6198538,-118.9829602,,,,,
USC00045280,"MAMMOTH LAKES RANGER STATION, CA US",3/9/2018,,,0,0,8,37.6198538,-118.9829602,,,,,
USC00045280,"MAMMOTH LAKES RANGER STATION, CA US",3/10/2018,,,0,0,7,37.6198538,-118.9829602,,,,,
USC00045280,"MAMMOTH LAKES RANGER STATION, CA US",3/11/2018,,,0.04,0,4,37.6198538,-118.9829602,,,,,
USC00045280,"MAMMOTH LAKES RANGER STATION, CA US",3/12/2018,,,0,0,2,37.6198538,-118.9829602,,,,,
USC00045280,"MAMMOTH LAKES RANGER STATION, CA US",3/13/2018,,,0.01,0,1,37.6198538,-118.9829602,,,,,
USC00045280,"MAMMOTH LAKES RANGER STATION, CA US",3/14/2018,,,0.58,3,4,37.6198538,-118.9829602,,,,,
USC00045280,"MAMMOTH LAKES RANGER STATION, CA US",3/15/2018,,,0.26,6,6,37.6198538,-118.9829602,,,,,
USC00045280,"MAMMOTH LAKES RANGER STATION, CA US",3/16/2018,,,0.02,0.2,4,37.6198538,-118.9829602,,,,,
USC00045280,"MAMMOTH LAKES RANGER STATION, CA US",3/17/2018,,,0.52,7,12,37.6198538,-118.9829602,,,,,
USC00045280,"MAMMOTH LAKES RANGER STATION, CA US",3/18/2018,,,0,0,10,37.6198538,-118.9829602,,,,,
USC00045280,"MAMMOTH LAKES RANGER STATION, CA US",3/19/2018,,,0,0,10,37.6198538,-118.9829602,,,,,
USC00045280,"MAMMOTH LAKES RANGER STATION, CA US",3/20/2018,,,0,0,6,37.6198538,-118.9829602,,,,,
USC00045280,"MAMMOTH LAKES RANGER STATION, CA US",3/21/2018,,,0.38,2,8,37.6198538,-118.9829602,,,,,
USC00045280,"MAMMOTH LAKES RANGER STATION, CA US",3/22/2018,,,2.95,8,14,37.6198538,-118.9829602,,,,,
USC00045280,"MAMMOTH LAKES RANGER STATION, CA US",3/23/2018,,,1.9,9,17,37.6198538,-118.9829602,,,,,
USC00045280,"MAMMOTH LAKES RANGER STATION, CA US",3/24/2018,,,0,0,13,37.6198538,-118.9829602,,,,,
USC00045280,"MAMMOTH LAKES RANGER STATION, CA US",3/25/2018,,,0.02,1.2,14,37.6198538,-118.9829602,,,,,
USC00045280,"MAMMOTH LAKES RANGER STATION, CA US",3/26/2018,,,0,0,12,37.6198538,-118.9829602,,,,,
USC00045280,"MAMMOTH LAKES RANGER STATION, CA US",3/27/2018,,,0,0,12,37.6198538,-118.9829602,,,,,
USC00045280,"MAMMOTH LAKES RANGER STATION, CA US",3/28/2018,,,0,0,10,37.6198538,-118.9829602,,,,,
USC00045280,"MAMMOTH LAKES RANGER STATION, CA US",3/29/2018,,,0,0,10,37.6198538,-118.9829602,,,,,
USC00045280,"MAMMOTH LAKES RANGER STATION, CA US",3/30/2018,,,0,0,8,37.6198538,-118.9829602,,,,,
USC00045280,"MAMMOTH LAKES RANGER STATION, CA US",3/31/2018,,,0,0,6,37.6198538,-118.9829602,,,,,
USC00045280,"MAMMOTH LAKES RANGER STATION, CA US",4/1/2018,,,0,0,3,37.6198538,-118.9829602,,,,,
USC00045280,"MAMMOTH LAKES RANGER STATION, CA US",4/2/2018,,,0,0,2,37.6198538,-118.9829602,,,,,
USC00045280,"MAMMOTH LAKES RANGER STATION, CA US",4/3/2018,,,0,0,0,37.6198538,-118.9829602,,,,,
USC00045280,"MAMMOTH LAKES RANGER STATION, CA US",4/4/2018,,,0,0,0,37.6198538,-118.9829602,,,,,
USC00045280,"MAMMOTH LAKES RANGER STATION, CA US",4/5/2018,,,0,0,0,37.6198538,-118.9829602,,,,,
USC00045280,"MAMMOTH LAKES RANGER STATION, CA US",4/6/2018,,,0.01,0,0,37.6198538,-118.9829602,,,,,
USC00045280,"MAMMOTH LAKES RANGER STATION, CA US",4/7/2018,,,0.74,0,0,37.6198538,-118.9829602,,,,,
USC00045280,"MAMMOTH LAKES RANGER STATION, CA US",4/8/2018,,,0.4,0,0,37.6198538,-118.9829602,,,,,
USC00045280,"MAMMOTH LAKES RANGER STATION, CA US",4/9/2018,,,0,0,0,37.6198538,-118.9829602,,,,,
USC00045280,"MAMMOTH LAKES RANGER STATION, CA US",4/10/2018,,,0,0,0,37.6198538,-118.9829602,,,,,
USC00045280,"MAMMOTH LAKES RANGER STATION, CA US",4/11/2018,,,0,0,0,37.6198538,-118.9829602,,,,,
USC00045280,"MAMMOTH LAKES RANGER STATION, CA US",4/12/2018,,,0.2,3,3,37.6198538,-118.9829602,,,,,
USC00045280,"MAMMOTH LAKES RANGER STATION, CA US",4/13/2018,,,0,0,0,37.6198538,-118.9829602,,,,,
USC00045280,"MAMMOTH LAKES RANGER STATION, CA US",4/14/2018,,,0,0,0,37.6198538,-118.9829602,,,,,
USC00045280,"MAMMOTH LAKES RANGER STATION, CA US",4/15/2018,,,0,0,0,37.6198538,-118.9829602,,,,,
USC00045280,"MAMMOTH LAKES RANGER STATION, CA US",4/16/2018,,,0.18,2,2,37.6198538,-118.9829602,,,,,
USC00045280,"MAMMOTH LAKES RANGER STATION, CA US",4/17/2018,,,0.2,2,3,37.6198538,-118.9829602,,,,,
USC00045280,"MAMMOTH LAKES RANGER STATION, CA US",4/18/2018,,,0,0,0,37.6198538,-118.9829602,,,,,
USC00045280,"MAMMOTH LAKES RANGER STATION, CA US",4/19/2018,,,0.03,0.3,0,37.6198538,-118.9829602,,,,,
USC00045280,"MAMMOTH LAKES RANGER STATION, CA US",4/20/2018,,,0,0,0,37.6198538,-118.9829602,,,,,
USC00045280,"MAMMOTH LAKES RANGER STATION, CA US",4/21/2018,,,0,0,0,37.6198538,-118.9829602,,,,,
USC00045280,"MAMMOTH LAKES RANGER STATION, CA US",4/22/2018,,,0,0,0,37.6198538,-118.9829602,,,,,
USC00045280,"MAMMOTH LAKES RANGER STATION, CA US",4/23/2018,,,0,0,0,37.6198538,-118.9829602,,,,,
USC00045280,"MAMMOTH LAKES RANGER STATION, CA US",4/24/2018,,,0,0,0,37.6198538,-118.9829602,,,,,
USC00045280,"MAMMOTH LAKES RANGER STATION, CA US",4/25/2018,,,0,0,0,37.6198538,-118.9829602,,,,,
USC00045280,"MAMMOTH LAKES RANGER STATION, CA US",4/26/2018,,,0,0,0,37.6198538,-118.9829602,,,,,
USC00045280,"MAMMOTH LAKES RANGER STATION, CA US",4/27/2018,,,0,0,0,37.6198538,-118.9829602,,,,,
USC00045280,"MAMMOTH LAKES RANGER STATION, CA US",4/28/2018,,,0,0,0,37.6198538,-118.9829602,,,,,
USC00045280,"MAMMOTH LAKES RANGER STATION, CA US",4/29/2018,,,0,0,0,37.6198538,-118.9829602,,,,,
USC00045280,"MAMMOTH LAKES RANGER STATION, CA US",4/30/2018,,,0,0,0,37.6198538,-118.9829602,,,,,
USC00045280,"MAMMOTH LAKES RANGER STATION, CA US",5/1/2018,,,0.03,0,0,37.6198538,-118.9829602,,,,,
USC00045280,"MAMMOTH LAKES RANGER STATION, CA US",5/2/2018,,,0.02,0,0,37.6198538,-118.9829602,,,,,
USC00045280,"MAMMOTH LAKES RANGER STATION, CA US",5/3/2018,,,0,0,0,37.6198538,-118.9829602,,,,,
USC00045280,"MAMMOTH LAKES RANGER STATION, CA US",5/4/2018,,,0,0,0,37.6198538,-118.9829602,,,,,
USC00045280,"MAMMOTH LAKES RANGER STATION, CA US",5/5/2018,,,0,0,0,37.6198538,-118.9829602,,,,,
USC00045280,"MAMMOTH LAKES RANGER STATION, CA US",5/6/2018,,,0,0,0,37.6198538,-118.9829602,,,,,
USC00045280,"MAMMOTH LAKES RANGER STATION, CA US",5/7/2018,,,0,0,0,37.6198538,-118.9829602,,,,,
USC00045280,"MAMMOTH LAKES RANGER STATION, CA US",5/8/2018,,,0,0,0,37.6198538,-118.9829602,,,,,
USC00045280,"MAMMOTH LAKES RANGER STATION, CA US",5/9/2018,,,0,0,0,37.6198538,-118.9829602,,,,,
USC00045280,"MAMMOTH LAKES RANGER STATION, CA US",5/10/2018,,,0,0,0,37.6198538,-118.9829602,,,,,
USC00045280,"MAMMOTH LAKES RANGER STATION, CA US",5/11/2018,,,0,0,0,37.6198538,-118.9829602,,,,,
USC00045280,"MAMMOTH LAKES RANGER STATION, CA US",5/12/2018,,,0.18,1,1,37.6198538,-118.9829602,,,,,
USC00045280,"MAMMOTH LAKES RANGER STATION, CA US",5/13/2018,,,0,0,0,37.6198538,-118.9829602,,,,,
USC00045280,"MAMMOTH LAKES RANGER STATION, CA US",5/14/2018,,,0.11,0,0,37.6198538,-118.9829602,,,,,
USC00045280,"MAMMOTH LAKES RANGER STATION, CA US",5/15/2018,,,0.1,0,0,37.6198538,-118.9829602,,,,,
USC00045280,"MAMMOTH LAKES RANGER STATION, CA US",5/16/2018,,,0,0,0,37.6198538,-118.9829602,,,,,
USC00045280,"MAMMOTH LAKES RANGER STATION, CA US",5/17/2018,,,0,0,0,37.6198538,-118.9829602,,,,,
USC00045280,"MAMMOTH LAKES RANGER STATION, CA US",5/18/2018,,,0,0,0,37.6198538,-118.9829602,,,,,
USC00045280,"MAMMOTH LAKES RANGER STATION, CA US",5/19/2018,,,0.01,0,0,37.6198538,-118.9829602,,,,,
USC00045280,"MAMMOTH LAKES RANGER STATION, CA US",5/20/2018,,,0,0,0,37.6198538,-118.9829602,,,,,
USC00045280,"MAMMOTH LAKES RANGER STATION, CA US",5/21/2018,,,0.17,0,0,37.6198538,-118.9829602,,,,,
USC00045280,"MAMMOTH LAKES RANGER STATION, CA US",5/22/2018,,,0.4,0,0,37.6198538,-118.9829602,,,,,
USC00045280,"MAMMOTH LAKES RANGER STATION, CA US",5/23/2018,,,0.14,0,0,37.6198538,-118.9829602,,,,,
USC00045280,"MAMMOTH LAKES RANGER STATION, CA US",5/24/2018,,,0,0,0,37.6198538,-118.9829602,,,,,
USC00045280,"MAMMOTH LAKES RANGER STATION, CA US",5/25/2018,,,0.02,0,0,37.6198538,-118.9829602,,,,,
USC00045280,"MAMMOTH LAKES RANGER STATION, CA US",5/26/2018,,,0,0,0,37.6198538,-118.9829602,,,,,
USC00045280,"MAMMOTH LAKES RANGER STATION, CA US",5/27/2018,,,0.1,0,0,37.6198538,-118.9829602,,,,,
USC00045280,"MAMMOTH LAKES RANGER STATION, CA US",5/28/2018,,,0,0,0,37.6198538,-118.9829602,,,,,
USC00045280,"MAMMOTH LAKES RANGER STATION, CA US",5/29/2018,,,0,0,0,37.6198538,-118.9829602,,,,,
USC00045280,"MAMMOTH LAKES RANGER STATION, CA US",5/30/2018,,,0,0,0,37.6198538,-118.9829602,,,,,
USC00045280,"MAMMOTH LAKES RANGER STATION, CA US",5/31/2018,,,0,0,0,37.6198538,-118.9829602,,,,,
USC00045280,"MAMMOTH LAKES RANGER STATION, CA US",6/1/2018,,,0,0,0,37.6198538,-118.9829602,,,,,
USC00045280,"MAMMOTH LAKES RANGER STATION, CA US",6/2/2018,,,0,0,0,37.6198538,-118.9829602,,,,,
USC00045280,"MAMMOTH LAKES RANGER STATION, CA US",6/3/2018,,,0,0,0,37.6198538,-118.9829602,,,,,
USC00045280,"MAMMOTH LAKES RANGER STATION, CA US",6/4/2018,,,0,0,0,37.6198538,-118.9829602,,,,,
USC00045280,"MAMMOTH LAKES RANGER STATION, CA US",6/5/2018,,,0,0,0,37.6198538,-118.9829602,,,,,
USC00045280,"MAMMOTH LAKES RANGER STATION, CA US",6/6/2018,,,0,0,0,37.6198538,-118.9829602,,,,,
USC00045280,"MAMMOTH LAKES RANGER STATION, CA US",6/7/2018,,,0,0,0,37.6198538,-118.9829602,,,,,
USC00045280,"MAMMOTH LAKES RANGER STATION, CA US",6/8/2018,,,0,0,0,37.6198538,-118.9829602,,,,,
USC00045280,"MAMMOTH LAKES RANGER STATION, CA US",6/9/2018,,,0,0,0,37.6198538,-118.9829602,,,,,
USC00045280,"MAMMOTH LAKES RANGER STATION, CA US",6/10/2018,,,0,0,0,37.6198538,-118.9829602,,,,,
USC00045280,"MAMMOTH LAKES RANGER STATION, CA US",6/11/2018,,,0,0,0,37.6198538,-118.9829602,,,,,
USC00045280,"MAMMOTH LAKES RANGER STATION, CA US",6/12/2018,,,0,0,0,37.6198538,-118.9829602,,,,,
USC00045280,"MAMMOTH LAKES RANGER STATION, CA US",6/13/2018,,,0,0,0,37.6198538,-118.9829602,,,,,
USC00045280,"MAMMOTH LAKES RANGER STATION, CA US",6/14/2018,,,0,0,0,37.6198538,-118.9829602,,,,,
USC00045280,"MAMMOTH LAKES RANGER STATION, CA US",6/15/2018,,,0,0,0,37.6198538,-118.9829602,,,,,
USC00045280,"MAMMOTH LAKES RANGER STATION, CA US",6/16/2018,,,0,0,0,37.6198538,-118.9829602,,,,,
USC00045280,"MAMMOTH LAKES RANGER STATION, CA US",6/17/2018,,,0,0,0,37.6198538,-118.9829602,,,,,
USC00045280,"MAMMOTH LAKES RANGER STATION, CA US",6/18/2018,,,0,0,0,37.6198538,-118.9829602,,,,,
USC00045280,"MAMMOTH LAKES RANGER STATION, CA US",6/19/2018,,,0,0,0,37.6198538,-118.9829602,,,,,
USC00045280,"MAMMOTH LAKES RANGER STATION, CA US",6/20/2018,,,0,0,0,37.6198538,-118.9829602,,,,,
USC00045280,"MAMMOTH LAKES RANGER STATION, CA US",6/21/2018,,,0,0,0,37.6198538,-118.9829602,,,,,
USC00045280,"MAMMOTH LAKES RANGER STATION, CA US",6/22/2018,,,0,0,0,37.6198538,-118.9829602,,,,,
USC00045280,"MAMMOTH LAKES RANGER STATION, CA US",6/23/2018,,,0,0,0,37.6198538,-118.9829602,,,,,
USC00045280,"MAMMOTH LAKES RANGER STATION, CA US",6/24/2018,,,0,0,0,37.6198538,-118.9829602,,,,,
USC00045280,"MAMMOTH LAKES RANGER STATION, CA US",6/25/2018,,,0,0,0,37.6198538,-118.9829602,,,,,
USC00045280,"MAMMOTH LAKES RANGER STATION, CA US",6/26/2018,,,0,0,0,37.6198538,-118.9829602,,,,,
USC00045280,"MAMMOTH LAKES RANGER STATION, CA US",6/27/2018,,,0,0,0,37.6198538,-118.9829602,,,,,
USC00045280,"MAMMOTH LAKES RANGER STATION, CA US",6/28/2018,,,0,0,0,37.6198538,-118.9829602,,,,,
USC00045280,"MAMMOTH LAKES RANGER STATION, CA US",6/29/2018,,,0,0,0,37.6198538,-118.9829602,,,,,
USC00045280,"MAMMOTH LAKES RANGER STATION, CA US",6/30/2018,,,0,0,0,37.6198538,-118.9829602,,,,,
USC00045280,"MAMMOTH LAKES RANGER STATION, CA US",7/1/2018,,,0,0,0,37.6198538,-118.9829602,,,,,
USC00045280,"MAMMOTH LAKES RANGER STATION, CA US",7/2/2018,,,0,0,0,37.6198538,-118.9829602,,,,,
USC00045280,"MAMMOTH LAKES RANGER STATION, CA US",7/3/2018,,,0,0,0,37.6198538,-118.9829602,,,,,
USC00045280,"MAMMOTH LAKES RANGER STATION, CA US",7/4/2018,,,0,0,0,37.6198538,-118.9829602,,,,,
USC00045280,"MAMMOTH LAKES RANGER STATION, CA US",7/5/2018,,,0,0,0,37.6198538,-118.9829602,,,,,
USC00045280,"MAMMOTH LAKES RANGER STATION, CA US",7/6/2018,,,0,0,0,37.6198538,-118.9829602,,,,,
USC00045280,"MAMMOTH LAKES RANGER STATION, CA US",7/7/2018,,,0,0,0,37.6198538,-118.9829602,,,,,
USC00045280,"MAMMOTH LAKES RANGER STATION, CA US",7/8/2018,,,0,0,0,37.6198538,-118.9829602,,,,,
USC00045280,"MAMMOTH LAKES RANGER STATION, CA US",7/9/2018,,,0,0,0,37.6198538,-118.9829602,,,,,
USC00045280,"MAMMOTH LAKES RANGER STATION, CA US",7/10/2018,,,0,0,0,37.6198538,-118.9829602,,,,,
USC00045280,"MAMMOTH LAKES RANGER STATION, CA US",7/11/2018,,,0,0,0,37.6198538,-118.9829602,,,,,
USC00045280,"MAMMOTH LAKES RANGER STATION, CA US",7/12/2018,,,0,0,0,37.6198538,-118.9829602,,,,,
USC00045280,"MAMMOTH LAKES RANGER STATION, CA US",7/13/2018,,,0,0,0,37.6198538,-118.9829602,,,,,
USC00045280,"MAMMOTH LAKES RANGER STATION, CA US",7/14/2018,,,0,0,0,37.6198538,-118.9829602,,,,,
USC00045280,"MAMMOTH LAKES RANGER STATION, CA US",7/15/2018,,,0,0,0,37.6198538,-118.9829602,,,,,
USC00045280,"MAMMOTH LAKES RANGER STATION, CA US",7/16/2018,,,0,0,0,37.6198538,-118.9829602,,,,,
USC00045280,"MAMMOTH LAKES RANGER STATION, CA US",7/17/2018,,,0,0,0,37.6198538,-118.9829602,,,,,
USC00045280,"MAMMOTH LAKES RANGER STATION, CA US",7/18/2018,,,0,0,0,37.6198538,-118.9829602,,,,,
USC00045280,"MAMMOTH LAKES RANGER STATION, CA US",7/19/2018,,,0,0,0,37.6198538,-118.9829602,,,,,
USC00045280,"MAMMOTH LAKES RANGER STATION, CA US",7/20/2018,,,0,0,0,37.6198538,-118.9829602,,,,,
USC00045280,"MAMMOTH LAKES RANGER STATION, CA US",7/21/2018,,,0,0,0,37.6198538,-118.9829602,,,,,
USC00045280,"MAMMOTH LAKES RANGER STATION, CA US",7/22/2018,,,1.05,0,0,37.6198538,-118.9829602,,,,,
USC00045280,"MAMMOTH LAKES RANGER STATION, CA US",7/23/2018,,,0,0,0,37.6198538,-118.9829602,,,,,
USC00045280,"MAMMOTH LAKES RANGER STATION, CA US",7/24/2018,,,0,0,0,37.6198538,-118.9829602,,,,,
USC00045280,"MAMMOTH LAKES RANGER STATION, CA US",7/25/2018,,,0,0,0,37.6198538,-118.9829602,,,,,
USC00045280,"MAMMOTH LAKES RANGER STATION, CA US",7/26/2018,,,0,0,0,37.6198538,-118.9829602,,,,,
USC00045280,"MAMMOTH LAKES RANGER STATION, CA US",7/27/2018,,,0,0,0,37.6198538,-118.9829602,,,,,
USC00045280,"MAMMOTH LAKES RANGER STATION, CA US",7/28/2018,,,0,0,0,37.6198538,-118.9829602,,,,,
USC00045280,"MAMMOTH LAKES RANGER STATION, CA US",7/29/2018,,,0,0,0,37.6198538,-118.9829602,,,,,
USC00045280,"MAMMOTH LAKES RANGER STATION, CA US",7/30/2018,,,0,0,0,37.6198538,-118.9829602,,,,,
USC00045280,"MAMMOTH LAKES RANGER STATION, CA US",7/31/2018,,,0,0,0,37.6198538,-118.9829602,,,,,
USC00045280,"MAMMOTH LAKES RANGER STATION, CA US",8/1/2018,,,0,0,0,37.6198538,-118.9829602,,,,,
USC00045280,"MAMMOTH LAKES RANGER STATION, CA US",8/2/2018,,,0,0,0,37.6198538,-118.9829602,,,,,
USC00045280,"MAMMOTH LAKES RANGER STATION, CA US",8/3/2018,,,0,0,0,37.6198538,-118.9829602,,,,,
USC00045280,"MAMMOTH LAKES RANGER STATION, CA US",8/4/2018,,,0,0,0,37.6198538,-118.9829602,,,,,
USC00045280,"MAMMOTH LAKES RANGER STATION, CA US",8/5/2018,,,0,0,0,37.6198538,-118.9829602,,,,,
USC00045280,"MAMMOTH LAKES RANGER STATION, CA US",8/6/2018,,,0,0,0,37.6198538,-118.9829602,,,,,
USC00045280,"MAMMOTH LAKES RANGER STATION, CA US",8/7/2018,,,0,0,0,37.6198538,-118.9829602,,,,,
USC00045280,"MAMMOTH LAKES RANGER STATION, CA US",8/8/2018,,,0,0,0,37.6198538,-118.9829602,,,,,
USC00045280,"MAMMOTH LAKES RANGER STATION, CA US",8/9/2018,,,0,0,0,37.6198538,-118.9829602,,,,,
USC00045280,"MAMMOTH LAKES RANGER STATION, CA US",8/10/2018,,,0,0,0,37.6198538,-118.9829602,,,,,
USC00045280,"MAMMOTH LAKES RANGER STATION, CA US",8/11/2018,,,0,0,0,37.6198538,-118.9829602,,,,,
USC00045280,"MAMMOTH LAKES RANGER STATION, CA US",8/12/2018,,,0,0,0,37.6198538,-118.9829602,,,,,
USC00045280,"MAMMOTH LAKES RANGER STATION, CA US",8/13/2018,,,0,0,0,37.6198538,-118.9829602,,,,,
USC00045280,"MAMMOTH LAKES RANGER STATION, CA US",8/14/2018,,,0,0,0,37.6198538,-118.9829602,,,,,
USC00045280,"MAMMOTH LAKES RANGER STATION, CA US",8/15/2018,,,0,0,0,37.6198538,-118.9829602,,,,,
USC00045280,"MAMMOTH LAKES RANGER STATION, CA US",8/16/2018,,,0,0,0,37.6198538,-118.9829602,,,,,
USC00045280,"MAMMOTH LAKES RANGER STATION, CA US",8/17/2018,,,0,0,0,37.6198538,-118.9829602,,,,,
USC00045280,"MAMMOTH LAKES RANGER STATION, CA US",8/18/2018,,,0,0,0,37.6198538,-118.9829602,,,,,
USC00045280,"MAMMOTH LAKES RANGER STATION, CA US",8/19/2018,,,0,0,0,37.6198538,-118.9829602,,,,,
USC00045280,"MAMMOTH LAKES RANGER STATION, CA US",8/20/2018,,,0,0,0,37.6198538,-118.9829602,,,,,
USC00045280,"MAMMOTH LAKES RANGER STATION, CA US",8/21/2018,,,0,0,0,37.6198538,-118.9829602,,,,,
USC00045280,"MAMMOTH LAKES RANGER STATION, CA US",8/22/2018,,,0,0,0,37.6198538,-118.9829602,,,,,
USC00045280,"MAMMOTH LAKES RANGER STATION, CA US",8/23/2018,,,0,0,0,37.6198538,-118.9829602,,,,,
USC00045280,"MAMMOTH LAKES RANGER STATION, CA US",8/24/2018,,,0,0,0,37.6198538,-118.9829602,,,,,
USC00045280,"MAMMOTH LAKES RANGER STATION, CA US",8/25/2018,,,0,0,0,37.6198538,-118.9829602,,,,,
USC00045280,"MAMMOTH LAKES RANGER STATION, CA US",8/26/2018,,,0,0,0,37.6198538,-118.9829602,,,,,
USC00045280,"MAMMOTH LAKES RANGER STATION, CA US",8/27/2018,,,0,0,0,37.6198538,-118.9829602,,,,,
USC00045280,"MAMMOTH LAKES RANGER STATION, CA US",8/28/2018,,,0,0,0,37.6198538,-118.9829602,,,,,
USC00045280,"MAMMOTH LAKES RANGER STATION, CA US",8/29/2018,,,0,0,0,37.6198538,-118.9829602,,,,,
USC00045280,"MAMMOTH LAKES RANGER STATION, CA US",8/30/2018,,,0,0,0,37.6198538,-118.9829602,,,,,
USC00045280,"MAMMOTH LAKES RANGER STATION, CA US",8/31/2018,,,0,0,0,37.6198538,-118.9829602,,,,,
USC00045280,"MAMMOTH LAKES RANGER STATION, CA US",9/1/2018,,,0,0,0,37.6198538,-118.9829602,,,,,
USC00045280,"MAMMOTH LAKES RANGER STATION, CA US",9/2/2018,,,0,0,0,37.6198538,-118.9829602,,,,,
USC00045280,"MAMMOTH LAKES RANGER STATION, CA US",9/3/2018,,,0,0,0,37.6198538,-118.9829602,,,,,
USC00045280,"MAMMOTH LAKES RANGER STATION, CA US",9/4/2018,,,0,0,0,37.6198538,-118.9829602,,,,,
USC00045280,"MAMMOTH LAKES RANGER STATION, CA US",9/5/2018,,,0,0,0,37.6198538,-118.9829602,,,,,
USC00045280,"MAMMOTH LAKES RANGER STATION, CA US",9/6/2018,,,0,0,0,37.6198538,-118.9829602,,,,,
USC00045280,"MAMMOTH LAKES RANGER STATION, CA US",9/7/2018,,,0,0,0,37.6198538,-118.9829602,,,,,
USC00045280,"MAMMOTH LAKES RANGER STATION, CA US",9/8/2018,,,0,0,0,37.6198538,-118.9829602,,,,,
USC00045280,"MAMMOTH LAKES RANGER STATION, CA US",9/9/2018,,,0,0,0,37.6198538,-118.9829602,,,,,
USC00045280,"MAMMOTH LAKES RANGER STATION, CA US",9/10/2018,,,0,0,0,37.6198538,-118.9829602,,,,,
USC00045280,"MAMMOTH LAKES RANGER STATION, CA US",9/11/2018,,,0,0,0,37.6198538,-118.9829602,,,,,
USC00045280,"MAMMOTH LAKES RANGER STATION, CA US",9/12/2018,,,0,0,0,37.6198538,-118.9829602,,,,,
USC00045280,"MAMMOTH LAKES RANGER STATION, CA US",9/13/2018,,,0,0,0,37.6198538,-118.9829602,,,,,
USC00045280,"MAMMOTH LAKES RANGER STATION, CA US",9/14/2018,,,0,0,0,37.6198538,-118.9829602,,,,,
USC00045280,"MAMMOTH LAKES RANGER STATION, CA US",9/15/2018,,,0,0,0,37.6198538,-118.9829602,,,,,
USC00045280,"MAMMOTH LAKES RANGER STATION, CA US",9/16/2018,,,0,0,0,37.6198538,-118.9829602,,,,,
USC00045280,"MAMMOTH LAKES RANGER STATION, CA US",9/17/2018,,,0,0,0,37.6198538,-118.9829602,,,,,
USC00045280,"MAMMOTH LAKES RANGER STATION, CA US",9/18/2018,,,0,0,0,37.6198538,-118.9829602,,,,,
USC00045280,"MAMMOTH LAKES RANGER STATION, CA US",9/19/2018,,,0,0,0,37.6198538,-118.9829602,,,,,
USC00045280,"MAMMOTH LAKES RANGER STATION, CA US",9/20/2018,,,0,0,0,37.6198538,-118.9829602,,,,,
USC00045280,"MAMMOTH LAKES RANGER STATION, CA US",9/21/2018,,,0,0,0,37.6198538,-118.9829602,,,,,
USC00045280,"MAMMOTH LAKES RANGER STATION, CA US",9/22/2018,,,0,0,0,37.6198538,-118.9829602,,,,,
USC00045280,"MAMMOTH LAKES RANGER STATION, CA US",9/23/2018,,,0,0,0,37.6198538,-118.9829602,,,,,
USC00045280,"MAMMOTH LAKES RANGER STATION, CA US",9/24/2018,,,0,0,0,37.6198538,-118.9829602,,,,,
USC00045280,"MAMMOTH LAKES RANGER STATION, CA US",9/25/2018,,,0,0,0,37.6198538,-118.9829602,,,,,
USC00045280,"MAMMOTH LAKES RANGER STATION, CA US",9/26/2018,,,0,0,0,37.6198538,-118.9829602,,,,,
USC00045280,"MAMMOTH LAKES RANGER STATION, CA US",9/27/2018,,,0,0,0,37.6198538,-118.9829602,,,,,
USC00045280,"MAMMOTH LAKES RANGER STATION, CA US",9/28/2018,,,0,0,0,37.6198538,-118.9829602,,,,,
USC00045280,"MAMMOTH LAKES RANGER STATION, CA US",9/29/2018,,,0,0,0,37.6198538,-118.9829602,,,,,
USC00045280,"MAMMOTH LAKES RANGER STATION, CA US",9/30/2018,,,0,0,0,37.6198538,-118.9829602,,,,,
USC00045280,"MAMMOTH LAKES RANGER STATION, CA US",10/1/2018,,,0,0,0,37.6198538,-118.9829602,,,,,
USC00045280,"MAMMOTH LAKES RANGER STATION, CA US",10/2/2018,,,0.01,0,0,37.6198538,-118.9829602,,,,,
USC00045280,"MAMMOTH LAKES RANGER STATION, CA US",10/3/2018,,,0.4,0,0,37.6198538,-118.9829602,,,,,
USC00045280,"MAMMOTH LAKES RANGER STATION, CA US",10/4/2018,,,0.1,0,0,37.6198538,-118.9829602,,,,,
USC00045280,"MAMMOTH LAKES RANGER STATION, CA US",10/5/2018,,,,0,0,37.6198538,-118.9829602,,,,,
USC00045280,"MAMMOTH LAKES RANGER STATION, CA US",10/6/2018,,,0,0,0,37.6198538,-118.9829602,,,,,
USC00045280,"MAMMOTH LAKES RANGER STATION, CA US",10/7/2018,,,0.18,0,0,37.6198538,-118.9829602,,,,,
USC00045280,"MAMMOTH LAKES RANGER STATION, CA US",10/8/2018,,,0,0,0,37.6198538,-118.9829602,,,,,
USC00045280,"MAMMOTH LAKES RANGER STATION, CA US",10/9/2018,,,0,0,0,37.6198538,-118.9829602,,,,,
USC00045280,"MAMMOTH LAKES RANGER STATION, CA US",10/10/2018,,,0,0,0,37.6198538,-118.9829602,,,,,
USC00045280,"MAMMOTH LAKES RANGER STATION, CA US",10/11/2018,,,0,0,0,37.6198538,-118.9829602,,,,,
USC00045280,"MAMMOTH LAKES RANGER STATION, CA US",10/12/2018,,,0,0,0,37.6198538,-118.9829602,,,,,
USC00045280,"MAMMOTH LAKES RANGER STATION, CA US",10/13/2018,,,0,0,0,37.6198538,-118.9829602,,,,,
USC00045280,"MAMMOTH LAKES RANGER STATION, CA US",10/14/2018,,,0,0,0,37.6198538,-118.9829602,,,,,
USC00045280,"MAMMOTH LAKES RANGER STATION, CA US",10/15/2018,,,0,0,0,37.6198538,-118.9829602,,,,,
USC00045280,"MAMMOTH LAKES RANGER STATION, CA US",10/16/2018,,,0,0,0,37.6198538,-118.9829602,,,,,
USC00045280,"MAMMOTH LAKES RANGER STATION, CA US",10/17/2018,,,0,0,0,37.6198538,-118.9829602,,,,,
USC00045280,"MAMMOTH LAKES RANGER STATION, CA US",10/18/2018,,,0,0,0,37.6198538,-118.9829602,,,,,
USC00045280,"MAMMOTH LAKES RANGER STATION, CA US",10/19/2018,,,0,0,0,37.6198538,-118.9829602,,,,,
USC00045280,"MAMMOTH LAKES RANGER STATION, CA US",10/20/2018,,,0,0,0,37.6198538,-118.9829602,,,,,
USC00045280,"MAMMOTH LAKES RANGER STATION, CA US",10/21/2018,,,0,0,0,37.6198538,-118.9829602,,,,,
USC00045280,"MAMMOTH LAKES RANGER STATION, CA US",10/22/2018,,,0,0,0,37.6198538,-118.9829602,,,,,
USC00045280,"MAMMOTH LAKES RANGER STATION, CA US",10/23/2018,,,0,0,0,37.6198538,-118.9829602,,,,,
USC00045280,"MAMMOTH LAKES RANGER STATION, CA US",10/24/2018,,,0,0,0,37.6198538,-118.9829602,,,,,
USC00045280,"MAMMOTH LAKES RANGER STATION, CA US",10/25/2018,,,0,0,0,37.6198538,-118.9829602,,,,,
USC00045280,"MAMMOTH LAKES RANGER STATION, CA US",10/26/2018,,,0,0,0,37.6198538,-118.9829602,,,,,
USC00045280,"MAMMOTH LAKES RANGER STATION, CA US",10/27/2018,,,0,0,0,37.6198538,-118.9829602,,,,,
USC00045280,"MAMMOTH LAKES RANGER STATION, CA US",10/28/2018,,,0,0,0,37.6198538,-118.9829602,,,,,
USC00045280,"MAMMOTH LAKES RANGER STATION, CA US",10/29/2018,,,0,0,0,37.6198538,-118.9829602,,,,,
USC00045280,"MAMMOTH LAKES RANGER STATION, CA US",10/30/2018,,,0,0,0,37.6198538,-118.9829602,,,,,
USC00045280,"MAMMOTH LAKES RANGER STATION, CA US",10/31/2018,,,0,0,0,37.6198538,-118.9829602,,,,,
USC00045280,"MAMMOTH LAKES RANGER STATION, CA US",11/1/2018,,,0,0,0,37.6198538,-118.9829602,,,,,
USC00045280,"MAMMOTH LAKES RANGER STATION, CA US",11/2/2018,,,0,0,0,37.6198538,-118.9829602,,,,,
USC00045280,"MAMMOTH LAKES RANGER STATION, CA US",11/3/2018,,,0,0,0,37.6198538,-118.9829602,,,,,
USC00045280,"MAMMOTH LAKES RANGER STATION, CA US",11/4/2018,,,0,0,0,37.6198538,-118.9829602,,,,,
USC00045280,"MAMMOTH LAKES RANGER STATION, CA US",11/5/2018,,,0,0,0,37.6198538,-118.9829602,,,,,
USC00045280,"MAMMOTH LAKES RANGER STATION, CA US",11/6/2018,,,0,0,0,37.6198538,-118.9829602,,,,,
USC00045280,"MAMMOTH LAKES RANGER STATION, CA US",11/7/2018,,,0,0,0,37.6198538,-118.9829602,,,,,
USC00045280,"MAMMOTH LAKES RANGER STATION, CA US",11/8/2018,,,0,0,0,37.6198538,-118.9829602,,,,,
USC00045280,"MAMMOTH LAKES RANGER STATION, CA US",11/9/2018,,,0,0,0,37.6198538,-118.9829602,,,,,
USC00045280,"MAMMOTH LAKES RANGER STATION, CA US",11/10/2018,,,0,0,0,37.6198538,-118.9829602,,,,,
USC00045280,"MAMMOTH LAKES RANGER STATION, CA US",11/11/2018,,,0,0,0,37.6198538,-118.9829602,,,,,
USC00045280,"MAMMOTH LAKES RANGER STATION, CA US",11/12/2018,,,0,0,0,37.6198538,-118.9829602,,,,,
USC00045280,"MAMMOTH LAKES RANGER STATION, CA US",11/13/2018,,,0,0,0,37.6198538,-118.9829602,,,,,
USC00045280,"MAMMOTH LAKES RANGER STATION, CA US",11/14/2018,,,0,0,0,37.6198538,-118.9829602,,,,,
USC00045280,"MAMMOTH LAKES RANGER STATION, CA US",11/15/2018,,,0,0,0,37.6198538,-118.9829602,,,,,
USC00045280,"MAMMOTH LAKES RANGER STATION, CA US",11/16/2018,,,0,0,0,37.6198538,-118.9829602,,,,,
USC00045280,"MAMMOTH LAKES RANGER STATION, CA US",11/17/2018,,,0,0,0,37.6198538,-118.9829602,,,,,
USC00045280,"MAMMOTH LAKES RANGER STATION, CA US",11/18/2018,,,0,0,0,37.6198538,-118.9829602,,,,,
USC00045280,"MAMMOTH LAKES RANGER STATION, CA US",11/19/2018,,,0,0,0,37.6198538,-118.9829602,,,,,
USC00045280,"MAMMOTH LAKES RANGER STATION, CA US",11/20/2018,,,0,0,0,37.6198538,-118.9829602,,,,,
USC00045280,"MAMMOTH LAKES RANGER STATION, CA US",11/21/2018,,,0,0,0,37.6198538,-118.9829602,,,,,
USC00045280,"MAMMOTH LAKES RANGER STATION, CA US",11/22/2018,,,0,0,,37.6198538,-118.9829602,,,,,
USC00045280,"MAMMOTH LAKES RANGER STATION, CA US",11/23/2018,,,0.6,4,4,37.6198538,-118.9829602,,,,,
USC00045280,"MAMMOTH LAKES RANGER STATION, CA US",11/24/2018,,,0,0,0,37.6198538,-118.9829602,,,,,
USC00045280,"MAMMOTH LAKES RANGER STATION, CA US",11/25/2018,,,0,0,0,37.6198538,-118.9829602,,,,,
USC00045280,"MAMMOTH LAKES RANGER STATION, CA US",11/26/2018,,,0,0,0,37.6198538,-118.9829602,,,,,
USC00045280,"MAMMOTH LAKES RANGER STATION, CA US",11/27/2018,,,0,0,0,37.6198538,-118.9829602,,,,,
USC00045280,"MAMMOTH LAKES RANGER STATION, CA US",11/28/2018,,,0.48,0,0,37.6198538,-118.9829602,,,,,
USC00045280,"MAMMOTH LAKES RANGER STATION, CA US",11/29/2018,,,1,6.5,7,37.6198538,-118.9829602,,,,,
USC00045280,"MAMMOTH LAKES RANGER STATION, CA US",11/30/2018,,,0.58,13,18,37.6198538,-118.9829602,,,,,
USC00045280,"MAMMOTH LAKES RANGER STATION, CA US",12/1/2018,,,0,0,13,37.6198538,-118.9829602,,,,,
USC00045280,"MAMMOTH LAKES RANGER STATION, CA US",12/2/2018,,,0.65,1.6,14,37.6198538,-118.9829602,,,,,
USC00045280,"MAMMOTH LAKES RANGER STATION, CA US",12/3/2018,,,0,0,12,37.6198538,-118.9829602,,,,,
USC00045280,"MAMMOTH LAKES RANGER STATION, CA US",12/4/2018,,,0.04,0.5,13,37.6198538,-118.9829602,,,,,
USC00045280,"MAMMOTH LAKES RANGER STATION, CA US",12/5/2018,,,0,0,,37.6198538,-118.9829602,,,,,
USC00045280,"MAMMOTH LAKES RANGER STATION, CA US",12/6/2018,,,0.3,3.2,15,37.6198538,-118.9829602,,,,,
USC00045280,"MAMMOTH LAKES RANGER STATION, CA US",12/7/2018,,,0,0,14,37.6198538,-118.9829602,,,,,
USC00045280,"MAMMOTH LAKES RANGER STATION, CA US",12/8/2018,,,0,0,13,37.6198538,-118.9829602,,,,,
USC00045280,"MAMMOTH LAKES RANGER STATION, CA US",12/9/2018,,,0,0,11,37.6198538,-118.9829602,,,,,
USC00045280,"MAMMOTH LAKES RANGER STATION, CA US",12/10/2018,,,0,0,11,37.6198538,-118.9829602,,,,,
USC00045280,"MAMMOTH LAKES RANGER STATION, CA US",12/11/2018,,,0,0,10,37.6198538,-118.9829602,,,,,
USC00045280,"MAMMOTH LAKES RANGER STATION, CA US",12/12/2018,,,0,0,9,37.6198538,-118.9829602,,,,,
USC00045280,"MAMMOTH LAKES RANGER STATION, CA US",12/13/2018,,,0,0,8,37.6198538,-118.9829602,,,,,
USC00045280,"MAMMOTH LAKES RANGER STATION, CA US",12/14/2018,,,0,0,8,37.6198538,-118.9829602,,,,,
USC00045280,"MAMMOTH LAKES RANGER STATION, CA US",12/15/2018,,,0,0,8,37.6198538,-118.9829602,,,,,
USC00045280,"MAMMOTH LAKES RANGER STATION, CA US",12/16/2018,,,0,0,7,37.6198538,-118.9829602,,,,,
USC00045280,"MAMMOTH LAKES RANGER STATION, CA US",12/17/2018,,,0.65,1,7,37.6198538,-118.9829602,,,,,
USC00045280,"MAMMOTH LAKES RANGER STATION, CA US",12/18/2018,,,0,0,5,37.6198538,-118.9829602,,,,,
USC00045280,"MAMMOTH LAKES RANGER STATION, CA US",12/19/2018,,,0,0,4,37.6198538,-118.9829602,,,,,
USC00045280,"MAMMOTH LAKES RANGER STATION, CA US",12/20/2018,,,0,0,2,37.6198538,-118.9829602,,,,,
USC00045280,"MAMMOTH LAKES RANGER STATION, CA US",12/21/2018,,,0.03,0,2,37.6198538,-118.9829602,,,,,
USC00045280,"MAMMOTH LAKES RANGER STATION, CA US",12/22/2018,,,0,0,2,37.6198538,-118.9829602,,,,,
USC00045280,"MAMMOTH LAKES RANGER STATION, CA US",1/1/2019,,,0,0,,37.6198538,-118.9829602,,,,,
USC00045280,"MAMMOTH LAKES RANGER STATION, CA US",1/2/2019,,,0,0,,37.6198538,-118.9829602,,,,,
USC00045280,"MAMMOTH LAKES RANGER STATION, CA US",1/3/2019,,,0,0,,37.6198538,-118.9829602,,,,,
USC00045280,"MAMMOTH LAKES RANGER STATION, CA US",1/4/2019,,,0,0,,37.6198538,-118.9829602,,,,,
USC00045280,"MAMMOTH LAKES RANGER STATION, CA US",1/5/2019,,,0,0,,37.6198538,-118.9829602,,,,,
USC00045280,"MAMMOTH LAKES RANGER STATION, CA US",1/6/2019,,,0,0,,37.6198538,-118.9829602,,,,,
USC00045280,"MAMMOTH LAKES RANGER STATION, CA US",1/7/2019,,,0,0,,37.6198538,-118.9829602,,,,,
USC00045280,"MAMMOTH LAKES RANGER STATION, CA US",1/8/2019,,,0,0,,37.6198538,-118.9829602,,,,,
USC00045280,"MAMMOTH LAKES RANGER STATION, CA US",1/9/2019,,,0,0,,37.6198538,-118.9829602,,,,,
USC00045280,"MAMMOTH LAKES RANGER STATION, CA US",1/10/2019,,,0,0,,37.6198538,-118.9829602,,,,,
USC00045280,"MAMMOTH LAKES RANGER STATION, CA US",1/11/2019,,,0,0,,37.6198538,-118.9829602,,,,,
USC00045280,"MAMMOTH LAKES RANGER STATION, CA US",1/12/2019,,,0,0,,37.6198538,-118.9829602,,,,,
USC00045280,"MAMMOTH LAKES RANGER STATION, CA US",1/13/2019,,,0,0,,37.6198538,-118.9829602,,,,,
USC00045280,"MAMMOTH LAKES RANGER STATION, CA US",1/14/2019,,,0,0,,37.6198538,-118.9829602,,,,,
USC00045280,"MAMMOTH LAKES RANGER STATION, CA US",1/15/2019,,,0,0,,37.6198538,-118.9829602,,,,,
USC00045280,"MAMMOTH LAKES RANGER STATION, CA US",1/16/2019,,,0,0,,37.6198538,-118.9829602,,,,,
USC00045280,"MAMMOTH LAKES RANGER STATION, CA US",1/17/2019,,,0,0,,37.6198538,-118.9829602,,,,,
USC00045280,"MAMMOTH LAKES RANGER STATION, CA US",1/18/2019,,,0,0,,37.6198538,-118.9829602,,,,,
USC00045280,"MAMMOTH LAKES RANGER STATION, CA US",1/19/2019,,,0,0,,37.6198538,-118.9829602,,,,,
USC00045280,"MAMMOTH LAKES RANGER STATION, CA US",1/20/2019,,,0,0,,37.6198538,-118.9829602,,,,,
USC00045280,"MAMMOTH LAKES RANGER STATION, CA US",1/21/2019,,,0,0,36,37.6198538,-118.9829602,,,,,
USC00045280,"MAMMOTH LAKES RANGER STATION, CA US",1/22/2019,,,0,0,,37.6198538,-118.9829602,,,,,
USC00045280,"MAMMOTH LAKES RANGER STATION, CA US",1/23/2019,,,0,0,,37.6198538,-118.9829602,,,,,
USC00045280,"MAMMOTH LAKES RANGER STATION, CA US",1/24/2019,,,0,0,,37.6198538,-118.9829602,,,,,
USC00045280,"MAMMOTH LAKES RANGER STATION, CA US",1/25/2019,,,0,0,31,37.6198538,-118.9829602,,,,,
USC00045280,"MAMMOTH LAKES RANGER STATION, CA US",1/26/2019,,,0,0,,37.6198538,-118.9829602,,,,,
USC00045280,"MAMMOTH LAKES RANGER STATION, CA US",1/27/2019,,,0,0,,37.6198538,-118.9829602,,,,,
USC00045280,"MAMMOTH LAKES RANGER STATION, CA US",1/28/2019,,,0,0,27,37.6198538,-118.9829602,,,,,
USC00045280,"MAMMOTH LAKES RANGER STATION, CA US",1/29/2019,,,0,0,26,37.6198538,-118.9829602,,,,,
USC00045280,"MAMMOTH LAKES RANGER STATION, CA US",1/30/2019,,,0,0,26,37.6198538,-118.9829602,,,,,
USC00045280,"MAMMOTH LAKES RANGER STATION, CA US",1/31/2019,,,0,0,26,37.6198538,-118.9829602,,,,,
USC00045280,"MAMMOTH LAKES RANGER STATION, CA US",2/1/2019,,,0,0,24,37.6198538,-118.9829602,,,,,
USC00045280,"MAMMOTH LAKES RANGER STATION, CA US",2/2/2019,,,0.86,9.2,35,37.6198538,-118.9829602,,,,,
USC00045280,"MAMMOTH LAKES RANGER STATION, CA US",2/3/2019,,,1.15,15,50,37.6198538,-118.9829602,,,,,
USC00045280,"MAMMOTH LAKES RANGER STATION, CA US",2/4/2019,,,0,0,,37.6198538,-118.9829602,,,,,
USC00045280,"MAMMOTH LAKES RANGER STATION, CA US",2/5/2019,,,0,0,,37.6198538,-118.9829602,,,,,
USC00045280,"MAMMOTH LAKES RANGER STATION, CA US",2/6/2019,,,1.74,12,62,37.6198538,-118.9829602,,,,,
USC00045280,"MAMMOTH LAKES RANGER STATION, CA US",2/7/2019,,,0,0,60,37.6198538,-118.9829602,,,,,
USC00045280,"MAMMOTH LAKES RANGER STATION, CA US",2/8/2019,,,0,0,56,37.6198538,-118.9829602,,,,,
USC00045280,"MAMMOTH LAKES RANGER STATION, CA US",2/9/2019,,,0.54,8.3,60,37.6198538,-118.9829602,,,,,
USC00045280,"MAMMOTH LAKES RANGER STATION, CA US",2/10/2019,,,0.28,5.6,62,37.6198538,-118.9829602,,,,,
USC00045280,"MAMMOTH LAKES RANGER STATION, CA US",2/11/2019,,,0.34,6.5,64,37.6198538,-118.9829602,,,,,
USC00045280,"MAMMOTH LAKES RANGER STATION, CA US",2/12/2019,,,0,0,60,37.6198538,-118.9829602,,,,,
USC00045280,"MAMMOTH LAKES RANGER STATION, CA US",2/13/2019,,,0.59,4.5,61,37.6198538,-118.9829602,,,,,
USC00045280,"MAMMOTH LAKES RANGER STATION, CA US",2/14/2019,,,1.34,1.7,58,37.6198538,-118.9829602,,,,,
USC00045280,"MAMMOTH LAKES RANGER STATION, CA US",2/15/2019,,,0.38,5,62,37.6198538,-118.9829602,,,,,
USC00045280,"MAMMOTH LAKES RANGER STATION, CA US",2/16/2019,,,0.48,6.5,65,37.6198538,-118.9829602,,,,,
USC00045280,"MAMMOTH LAKES RANGER STATION, CA US",2/17/2019,,,0.07,4,64,37.6198538,-118.9829602,,,,,
USC00045280,"MAMMOTH LAKES RANGER STATION, CA US",2/18/2019,,,0.01,1,65,37.6198538,-118.9829602,,,,,
USC00045280,"MAMMOTH LAKES RANGER STATION, CA US",2/19/2019,,,0,0,64,37.6198538,-118.9829602,,,,,
USC00045280,"MAMMOTH LAKES RANGER STATION, CA US",2/20/2019,,,0,0,58,37.6198538,-118.9829602,,,,,
USC00045280,"MAMMOTH LAKES RANGER STATION, CA US",2/21/2019,,,0.06,0.8,59,37.6198538,-118.9829602,,,,,
USC00045280,"MAMMOTH LAKES RANGER STATION, CA US",2/22/2019,,,0.09,1.5,61,37.6198538,-118.9829602,,,,,
USC00045280,"MAMMOTH LAKES RANGER STATION, CA US",2/23/2019,,,0,0,60,37.6198538,-118.9829602,,,,,
USC00045280,"MAMMOTH LAKES RANGER STATION, CA US",2/24/2019,,,0,0,60,37.6198538,-118.9829602,,,,,
USC00045280,"MAMMOTH LAKES RANGER STATION, CA US",2/25/2019,,,0,0,58,37.6198538,-118.9829602,,,,,
USC00045280,"MAMMOTH LAKES RANGER STATION, CA US",2/26/2019,,,0,0,57,37.6198538,-118.9829602,,,,,
USC00045280,"MAMMOTH LAKES RANGER STATION, CA US",2/27/2019,,,0.2,1.5,54,37.6198538,-118.9829602,,,,,
USC00045280,"MAMMOTH LAKES RANGER STATION, CA US",2/28/2019,,,0.7,25,53,37.6198538,-118.9829602,,,,,
USC00045280,"MAMMOTH LAKES RANGER STATION, CA US",3/1/2019,,,0.03,0,54,37.6198538,-118.9829602,,,,,
USC00045280,"MAMMOTH LAKES RANGER STATION, CA US",3/2/2019,,,0.46,4.5,56,37.6198538,-118.9829602,,,,,
USC00045280,"MAMMOTH LAKES RANGER STATION, CA US",3/3/2019,,,0.65,4.5,56,37.6198538,-118.9829602,,,,,
USC00045280,"MAMMOTH LAKES RANGER STATION, CA US",3/4/2019,,,0.3,0,55,37.6198538,-118.9829602,,,,,
USC00045280,"MAMMOTH LAKES RANGER STATION, CA US",3/5/2019,,,0,0,54,37.6198538,-118.9829602,,,,,
USC00045280,"MAMMOTH LAKES RANGER STATION, CA US",3/6/2019,,,1.2,6.5,64,37.6198538,-118.9829602,,,,,
USC00045280,"MAMMOTH LAKES RANGER STATION, CA US",3/7/2019,,,0.35,2,65,37.6198538,-118.9829602,,,,,
USC00045280,"MAMMOTH LAKES RANGER STATION, CA US",3/8/2019,,,0.08,0,64,37.6198538,-118.9829602,,,,,
USC00045280,"MAMMOTH LAKES RANGER STATION, CA US",3/9/2019,,,0,0,61,37.6198538,-118.9829602,,,,,
USC00045280,"MAMMOTH LAKES RANGER STATION, CA US",3/10/2019,,,0.03,0.3,61,37.6198538,-118.9829602,,,,,
USC00045280,"MAMMOTH LAKES RANGER STATION, CA US",3/11/2019,,,0,0,61,37.6198538,-118.9829602,,,,,
USC00045280,"MAMMOTH LAKES RANGER STATION, CA US",3/12/2019,,,0,0,61,37.6198538,-118.9829602,,,,,
USC00045280,"MAMMOTH LAKES RANGER STATION, CA US",3/13/2019,,,0.08,0.5,59,37.6198538,-118.9829602,,,,,
USC00045280,"MAMMOTH LAKES RANGER STATION, CA US",3/14/2019,,,0,0,58,37.6198538,-118.9829602,,,,,
USC00045280,"MAMMOTH LAKES RANGER STATION, CA US",3/15/2019,,,0,0,56,37.6198538,-118.9829602,,,,,
USC00045280,"MAMMOTH LAKES RANGER STATION, CA US",3/16/2019,,,0,0,53,37.6198538,-118.9829602,,,,,
USC00045280,"MAMMOTH LAKES RANGER STATION, CA US",3/17/2019,,,0,0,52,37.6198538,-118.9829602,,,,,
USC00045280,"MAMMOTH LAKES RANGER STATION, CA US",3/18/2019,,,0,0,50,37.6198538,-118.9829602,,,,,
USC00045280,"MAMMOTH LAKES RANGER STATION, CA US",3/19/2019,,,0,0,49,37.6198538,-118.9829602,,,,,
USC00045280,"MAMMOTH LAKES RANGER STATION, CA US",3/20/2019,,,0.22,4,52,37.6198538,-118.9829602,,,,,
USC00045280,"MAMMOTH LAKES RANGER STATION, CA US",3/21/2019,,,0,0,47,37.6198538,-118.9829602,,,,,
USC00045280,"MAMMOTH LAKES RANGER STATION, CA US",3/22/2019,,,0,0,47,37.6198538,-118.9829602,,,,,
USC00045280,"MAMMOTH LAKES RANGER STATION, CA US",3/23/2019,,,0.02,0.3,47,37.6198538,-118.9829602,,,,,
USC00045280,"MAMMOTH LAKES RANGER STATION, CA US",3/24/2019,,,0,0,46,37.6198538,-118.9829602,,,,,
USC00045280,"MAMMOTH LAKES RANGER STATION, CA US",3/25/2019,,,0,0,43,37.6198538,-118.9829602,,,,,
USC00045280,"MAMMOTH LAKES RANGER STATION, CA US",3/26/2019,,,0,0,39,37.6198538,-118.9829602,,,,,
USC00045280,"MAMMOTH LAKES RANGER STATION, CA US",3/27/2019,,,0,0,36,37.6198538,-118.9829602,,,,,
USC00045280,"MAMMOTH LAKES RANGER STATION, CA US",3/28/2019,,,0.5,2,44,37.6198538,-118.9829602,,,,,
USC00045280,"MAMMOTH LAKES RANGER STATION, CA US",3/29/2019,,,0,0,43,37.6198538,-118.9829602,,,,,
USC00045280,"MAMMOTH LAKES RANGER STATION, CA US",3/30/2019,,,0,0,41,37.6198538,-118.9829602,,,,,
USC00045280,"MAMMOTH LAKES RANGER STATION, CA US",3/31/2019,,,0,0,41,37.6198538,-118.9829602,,,,,
USC00045280,"MAMMOTH LAKES RANGER STATION, CA US",4/1/2019,,,0,0,37,37.6198538,-118.9829602,,,,,
USC00045280,"MAMMOTH LAKES RANGER STATION, CA US",4/2/2019,,,0.07,0.5,36,37.6198538,-118.9829602,,,,,
USC00045280,"MAMMOTH LAKES RANGER STATION, CA US",4/3/2019,,,0.15,0,34,37.6198538,-118.9829602,,,,,
USC00045280,"MAMMOTH LAKES RANGER STATION, CA US",4/4/2019,,,0,0,32,37.6198538,-118.9829602,,,,,
USC00045280,"MAMMOTH LAKES RANGER STATION, CA US",4/5/2019,,,0,0,30,37.6198538,-118.9829602,,,,,
USC00045280,"MAMMOTH LAKES RANGER STATION, CA US",4/6/2019,,,0.01,0,28,37.6198538,-118.9829602,,,,,
USC00045280,"MAMMOTH LAKES RANGER STATION, CA US",4/7/2019,,,0,0,24,37.6198538,-118.9829602,,,,,
USC00045280,"MAMMOTH LAKES RANGER STATION, CA US",4/8/2019,,,0,0,24,37.6198538,-118.9829602,,,,,
USC00045280,"MAMMOTH LAKES RANGER STATION, CA US",4/9/2019,,,0.32,0,21,37.6198538,-118.9829602,,,,,
USC00045280,"MAMMOTH LAKES RANGER STATION, CA US",4/10/2019,,,0.06,0.2,17,37.6198538,-118.9829602,,,,,
USC00045280,"MAMMOTH LAKES RANGER STATION, CA US",4/11/2019,,,0,0,15,37.6198538,-118.9829602,,,,,
USC00045280,"MAMMOTH LAKES RANGER STATION, CA US",4/12/2019,,,0.06,0.5,13,37.6198538,-118.9829602,,,,,
USC00045280,"MAMMOTH LAKES RANGER STATION, CA US",4/13/2019,,,0,0,11,37.6198538,-118.9829602,,,,,
USC00045280,"MAMMOTH LAKES RANGER STATION, CA US",4/14/2019,,,0,0,10,37.6198538,-118.9829602,,,,,
USC00045280,"MAMMOTH LAKES RANGER STATION, CA US",4/15/2019,,,0.03,0,4,37.6198538,-118.9829602,,,,,
USC00045280,"MAMMOTH LAKES RANGER STATION, CA US",4/16/2019,,,0.11,0.8,3,37.6198538,-118.9829602,,,,,
USC00045280,"MAMMOTH LAKES RANGER STATION, CA US",4/17/2019,,,0.02,0,3,37.6198538,-118.9829602,,,,,
USC00045280,"MAMMOTH LAKES RANGER STATION, CA US",4/18/2019,,,0,0,2,37.6198538,-118.9829602,,,,,
USC00045280,"MAMMOTH LAKES RANGER STATION, CA US",4/19/2019,,,0,0,2,37.6198538,-118.9829602,,,,,
USC00045280,"MAMMOTH LAKES RANGER STATION, CA US",4/20/2019,,,0,0,0,37.6198538,-118.9829602,,,,,
USC00045280,"MAMMOTH LAKES RANGER STATION, CA US",4/21/2019,,,0,0,0,37.6198538,-118.9829602,,,,,
USC00045280,"MAMMOTH LAKES RANGER STATION, CA US",4/22/2019,,,0,0,0,37.6198538,-118.9829602,,,,,
USC00045280,"MAMMOTH LAKES RANGER STATION, CA US",4/23/2019,,,0,0,0,37.6198538,-118.9829602,,,,,
USC00045280,"MAMMOTH LAKES RANGER STATION, CA US",4/24/2019,,,0,0,0,37.6198538,-118.9829602,,,,,
USC00045280,"MAMMOTH LAKES RANGER STATION, CA US",4/25/2019,,,0,0,0,37.6198538,-118.9829602,,,,,
USC00045280,"MAMMOTH LAKES RANGER STATION, CA US",4/26/2019,,,0,0,0,37.6198538,-118.9829602,,,,,
USC00045280,"MAMMOTH LAKES RANGER STATION, CA US",4/27/2019,,,0,0,0,37.6198538,-118.9829602,,,,,
USC00045280,"MAMMOTH LAKES RANGER STATION, CA US",4/28/2019,,,0,0,0,37.6198538,-118.9829602,,,,,
USC00045280,"MAMMOTH LAKES RANGER STATION, CA US",4/29/2019,,,0,0,0,37.6198538,-118.9829602,,,,,
USC00045280,"MAMMOTH LAKES RANGER STATION, CA US",4/30/2019,,,0,0,0,37.6198538,-118.9829602,,,,,
USC00045280,"MAMMOTH LAKES RANGER STATION, CA US",5/1/2019,,,0,0,0,37.6198538,-118.9829602,,,,,
USC00045280,"MAMMOTH LAKES RANGER STATION, CA US",5/2/2019,,,0,0,0,37.6198538,-118.9829602,,,,,
USC00045280,"MAMMOTH LAKES RANGER STATION, CA US",5/3/2019,,,0,0,0,37.6198538,-118.9829602,,,,,
USC00045280,"MAMMOTH LAKES RANGER STATION, CA US",5/4/2019,,,0,0,0,37.6198538,-118.9829602,,,,,
USC00045280,"MAMMOTH LAKES RANGER STATION, CA US",5/5/2019,,,0,0,0,37.6198538,-118.9829602,,,,,
USC00045280,"MAMMOTH LAKES RANGER STATION, CA US",5/6/2019,,,0,0,0,37.6198538,-118.9829602,,,,,
USC00045280,"MAMMOTH LAKES RANGER STATION, CA US",5/7/2019,,,0,0,0,37.6198538,-118.9829602,,,,,
USC00045280,"MAMMOTH LAKES RANGER STATION, CA US",5/8/2019,,,0,0,0,37.6198538,-118.9829602,,,,,
USC00045280,"MAMMOTH LAKES RANGER STATION, CA US",5/9/2019,,,0,0,0,37.6198538,-118.9829602,,,,,
USC00045280,"MAMMOTH LAKES RANGER STATION, CA US",5/10/2019,,,0.42,0,0,37.6198538,-118.9829602,,,,,
USC00045280,"MAMMOTH LAKES RANGER STATION, CA US",5/11/2019,,,0,0,0,37.6198538,-118.9829602,,,,,
USC00045280,"MAMMOTH LAKES RANGER STATION, CA US",5/12/2019,,,0,0,0,37.6198538,-118.9829602,,,,,
USC00045280,"MAMMOTH LAKES RANGER STATION, CA US",5/13/2019,,,0,0,0,37.6198538,-118.9829602,,,,,
USC00045280,"MAMMOTH LAKES RANGER STATION, CA US",5/14/2019,,,0,0,0,37.6198538,-118.9829602,,,,,
USC00045280,"MAMMOTH LAKES RANGER STATION, CA US",5/15/2019,,,0,0,0,37.6198538,-118.9829602,,,,,
USC00045280,"MAMMOTH LAKES RANGER STATION, CA US",5/16/2019,,,0.78,1.8,2,37.6198538,-118.9829602,,,,,
USC00045280,"MAMMOTH LAKES RANGER STATION, CA US",5/17/2019,,,1.9,0.9,3,37.6198538,-118.9829602,,,,,
USC00045280,"MAMMOTH LAKES RANGER STATION, CA US",5/18/2019,,,0,0,0,37.6198538,-118.9829602,,,,,
USC00045280,"MAMMOTH LAKES RANGER STATION, CA US",5/19/2019,,,0.22,0.2,1,37.6198538,-118.9829602,,,,,
USC00045280,"MAMMOTH LAKES RANGER STATION, CA US",5/20/2019,,,0.12,0.3,0,37.6198538,-118.9829602,,,,,
USC00045280,"MAMMOTH LAKES RANGER STATION, CA US",5/21/2019,,,0.19,0.1,1,37.6198538,-118.9829602,,,,,
USC00045280,"MAMMOTH LAKES RANGER STATION, CA US",5/22/2019,,,0.6,0.3,2,37.6198538,-118.9829602,,,,,
USC00045280,"MAMMOTH LAKES RANGER STATION, CA US",5/23/2019,,,3.3,0.6,1,37.6198538,-118.9829602,,,,,
USC00045280,"MAMMOTH LAKES RANGER STATION, CA US",5/24/2019,,,0.12,0,0,37.6198538,-118.9829602,,,,,
USC00045280,"MAMMOTH LAKES RANGER STATION, CA US",5/25/2019,,,0.02,0,0,37.6198538,-118.9829602,,,,,
USC00045280,"MAMMOTH LAKES RANGER STATION, CA US",5/26/2019,,,0,0,0,37.6198538,-118.9829602,,,,,
USC00045280,"MAMMOTH LAKES RANGER STATION, CA US",5/27/2019,,,0.24,0.1,0,37.6198538,-118.9829602,,,,,
USC00045280,"MAMMOTH LAKES RANGER STATION, CA US",5/28/2019,,,0,0,0,37.6198538,-118.9829602,,,,,
USC00045280,"MAMMOTH LAKES RANGER STATION, CA US",5/29/2019,,,0,0,0,37.6198538,-118.9829602,,,,,
USC00045280,"MAMMOTH LAKES RANGER STATION, CA US",5/30/2019,,,0,0,0,37.6198538,-118.9829602,,,,,
USC00045280,"MAMMOTH LAKES RANGER STATION, CA US",5/31/2019,,,0.09,0,0,37.6198538,-118.9829602,,,,,
USC00045280,"MAMMOTH LAKES RANGER STATION, CA US",6/1/2019,,,0.1,0,0,37.6198538,-118.9829602,,,,,
USC00045280,"MAMMOTH LAKES RANGER STATION, CA US",6/2/2019,,,0.26,0,0,37.6198538,-118.9829602,,,,,
USC00045280,"MAMMOTH LAKES RANGER STATION, CA US",6/3/2019,,,0.01,0,0,37.6198538,-118.9829602,,,,,
USC00045280,"MAMMOTH LAKES RANGER STATION, CA US",6/4/2019,,,0,0,0,37.6198538,-118.9829602,,,,,
USC00045280,"MAMMOTH LAKES RANGER STATION, CA US",6/5/2019,,,0,0,0,37.6198538,-118.9829602,,,,,
USC00045280,"MAMMOTH LAKES RANGER STATION, CA US",6/6/2019,,,0.02,0,0,37.6198538,-118.9829602,,,,,
USC00045280,"MAMMOTH LAKES RANGER STATION, CA US",6/7/2019,,,0,0,0,37.6198538,-118.9829602,,,,,
USC00045280,"MAMMOTH LAKES RANGER STATION, CA US",6/8/2019,,,0,0,0,37.6198538,-118.9829602,,,,,
USC00045280,"MAMMOTH LAKES RANGER STATION, CA US",6/9/2019,,,0,0,0,37.6198538,-118.9829602,,,,,
USC00045280,"MAMMOTH LAKES RANGER STATION, CA US",6/10/2019,,,0,0,0,37.6198538,-118.9829602,,,,,
USC00045280,"MAMMOTH LAKES RANGER STATION, CA US",6/11/2019,,,0,0,0,37.6198538,-118.9829602,,,,,
USC00045280,"MAMMOTH LAKES RANGER STATION, CA US",6/12/2019,,,0,0,0,37.6198538,-118.9829602,,,,,
USC00045280,"MAMMOTH LAKES RANGER STATION, CA US",6/13/2019,,,0,0,0,37.6198538,-118.9829602,,,,,
USC00045280,"MAMMOTH LAKES RANGER STATION, CA US",6/14/2019,,,0,0,0,37.6198538,-118.9829602,,,,,
USC00045280,"MAMMOTH LAKES RANGER STATION, CA US",6/15/2019,,,0,0,0,37.6198538,-118.9829602,,,,,
USC00045280,"MAMMOTH LAKES RANGER STATION, CA US",6/16/2019,,,0,0,0,37.6198538,-118.9829602,,,,,
USC00045280,"MAMMOTH LAKES RANGER STATION, CA US",6/17/2019,,,0,0,0,37.6198538,-118.9829602,,,,,
USC00045280,"MAMMOTH LAKES RANGER STATION, CA US",6/18/2019,,,0,0,0,37.6198538,-118.9829602,,,,,
USC00045280,"MAMMOTH LAKES RANGER STATION, CA US",6/19/2019,,,0,0,0,37.6198538,-118.9829602,,,,,
USC00045280,"MAMMOTH LAKES RANGER STATION, CA US",6/20/2019,,,0,0,0,37.6198538,-118.9829602,,,,,
USC00045280,"MAMMOTH LAKES RANGER STATION, CA US",6/21/2019,,,0,0,0,37.6198538,-118.9829602,,,,,
USC00045280,"MAMMOTH LAKES RANGER STATION, CA US",6/22/2019,,,0,0,0,37.6198538,-118.9829602,,,,,
USC00045280,"MAMMOTH LAKES RANGER STATION, CA US",6/23/2019,,,0,0,0,37.6198538,-118.9829602,,,,,
USC00045280,"MAMMOTH LAKES RANGER STATION, CA US",6/24/2019,,,0,0,0,37.6198538,-118.9829602,,,,,
USC00045280,"MAMMOTH LAKES RANGER STATION, CA US",7/1/2019,,,0,0,0,37.6198538,-118.9829602,,,,,
USC00045280,"MAMMOTH LAKES RANGER STATION, CA US",7/2/2019,,,0,0,0,37.6198538,-118.9829602,,,,,
USC00045280,"MAMMOTH LAKES RANGER STATION, CA US",7/3/2019,,,0,0,0,37.6198538,-118.9829602,,,,,
USC00045280,"MAMMOTH LAKES RANGER STATION, CA US",7/4/2019,,,0,0,0,37.6198538,-118.9829602,,,,,
USC00045280,"MAMMOTH LAKES RANGER STATION, CA US",7/5/2019,,,0,0,0,37.6198538,-118.9829602,,,,,
USC00045280,"MAMMOTH LAKES RANGER STATION, CA US",7/6/2019,,,0,0,0,37.6198538,-118.9829602,,,,,
USC00045280,"MAMMOTH LAKES RANGER STATION, CA US",7/7/2019,,,0,0,0,37.6198538,-118.9829602,,,,,
USC00045280,"MAMMOTH LAKES RANGER STATION, CA US",7/8/2019,,,0,0,0,37.6198538,-118.9829602,,,,,
USC00045280,"MAMMOTH LAKES RANGER STATION, CA US",7/9/2019,,,0,0,0,37.6198538,-118.9829602,,,,,
USC00045280,"MAMMOTH LAKES RANGER STATION, CA US",7/10/2019,,,0,0,0,37.6198538,-118.9829602,,,,,
USC00045280,"MAMMOTH LAKES RANGER STATION, CA US",7/11/2019,,,0,0,0,37.6198538,-118.9829602,,,,,
USC00045280,"MAMMOTH LAKES RANGER STATION, CA US",7/12/2019,,,0,0,0,37.6198538,-118.9829602,,,,,
USC00045280,"MAMMOTH LAKES RANGER STATION, CA US",7/13/2019,,,0,0,0,37.6198538,-118.9829602,,,,,
USC00045280,"MAMMOTH LAKES RANGER STATION, CA US",7/14/2019,,,0,0,0,37.6198538,-118.9829602,,,,,
USC00045280,"MAMMOTH LAKES RANGER STATION, CA US",7/15/2019,,,0,0,0,37.6198538,-118.9829602,,,,,
USC00045280,"MAMMOTH LAKES RANGER STATION, CA US",7/16/2019,,,0,0,0,37.6198538,-118.9829602,,,,,
USC00045280,"MAMMOTH LAKES RANGER STATION, CA US",7/17/2019,,,0,0,0,37.6198538,-118.9829602,,,,,
USC00045280,"MAMMOTH LAKES RANGER STATION, CA US",7/18/2019,,,0,0,0,37.6198538,-118.9829602,,,,,
USC00045280,"MAMMOTH LAKES RANGER STATION, CA US",7/19/2019,,,0,0,0,37.6198538,-118.9829602,,,,,
USC00045280,"MAMMOTH LAKES RANGER STATION, CA US",7/20/2019,,,0,0,0,37.6198538,-118.9829602,,,,,
USC00045280,"MAMMOTH LAKES RANGER STATION, CA US",7/21/2019,,,0,0,0,37.6198538,-118.9829602,,,,,
USC00045280,"MAMMOTH LAKES RANGER STATION, CA US",7/22/2019,,,0,0,0,37.6198538,-118.9829602,,,,,
USC00045280,"MAMMOTH LAKES RANGER STATION, CA US",7/23/2019,,,0,0,0,37.6198538,-118.9829602,,,,,
USC00045280,"MAMMOTH LAKES RANGER STATION, CA US",7/24/2019,,,0,0,0,37.6198538,-118.9829602,,,,,
USC00045280,"MAMMOTH LAKES RANGER STATION, CA US",7/25/2019,,,0,0,0,37.6198538,-118.9829602,,,,,
USC00045280,"MAMMOTH LAKES RANGER STATION, CA US",7/26/2019,,,0.98,0,0,37.6198538,-118.9829602,,,,,
USC00045280,"MAMMOTH LAKES RANGER STATION, CA US",7/27/2019,,,0,0,0,37.6198538,-118.9829602,,,,,
USC00045280,"MAMMOTH LAKES RANGER STATION, CA US",7/28/2019,,,0,0,0,37.6198538,-118.9829602,,,,,
USC00045280,"MAMMOTH LAKES RANGER STATION, CA US",7/29/2019,,,0,0,0,37.6198538,-118.9829602,,,,,
USC00045280,"MAMMOTH LAKES RANGER STATION, CA US",7/30/2019,,,0,0,0,37.6198538,-118.9829602,,,,,
USC00045280,"MAMMOTH LAKES RANGER STATION, CA US",7/31/2019,,,0,0,0,37.6198538,-118.9829602,,,,,
USC00045280,"MAMMOTH LAKES RANGER STATION, CA US",8/1/2019,,,0,0,0,37.6198538,-118.9829602,,,,,
USC00045280,"MAMMOTH LAKES RANGER STATION, CA US",8/2/2019,,,0,0,0,37.6198538,-118.9829602,,,,,
USC00045280,"MAMMOTH LAKES RANGER STATION, CA US",8/3/2019,,,0,0,0,37.6198538,-118.9829602,,,,,
USC00045280,"MAMMOTH LAKES RANGER STATION, CA US",8/4/2019,,,0,0,0,37.6198538,-118.9829602,,,,,
USC00045280,"MAMMOTH LAKES RANGER STATION, CA US",8/5/2019,,,0,0,0,37.6198538,-118.9829602,,,,,
USC00045280,"MAMMOTH LAKES RANGER STATION, CA US",8/6/2019,,,0,0,0,37.6198538,-118.9829602,,,,,
USC00045280,"MAMMOTH LAKES RANGER STATION, CA US",8/7/2019,,,0,0,0,37.6198538,-118.9829602,,,,,
USC00045280,"MAMMOTH LAKES RANGER STATION, CA US",8/8/2019,,,0,0,0,37.6198538,-118.9829602,,,,,
USC00045280,"MAMMOTH LAKES RANGER STATION, CA US",8/9/2019,,,0,0,0,37.6198538,-118.9829602,,,,,
USC00045280,"MAMMOTH LAKES RANGER STATION, CA US",8/10/2019,,,0,0,0,37.6198538,-118.9829602,,,,,
USC00045280,"MAMMOTH LAKES RANGER STATION, CA US",8/11/2019,,,0,0,0,37.6198538,-118.9829602,,,,,
USC00045280,"MAMMOTH LAKES RANGER STATION, CA US",8/12/2019,,,0,0,0,37.6198538,-118.9829602,,,,,
USC00045280,"MAMMOTH LAKES RANGER STATION, CA US",8/13/2019,,,0,0,0,37.6198538,-118.9829602,,,,,
USC00045280,"MAMMOTH LAKES RANGER STATION, CA US",8/14/2019,,,0,0,0,37.6198538,-118.9829602,,,,,
USC00045280,"MAMMOTH LAKES RANGER STATION, CA US",8/15/2019,,,0,0,0,37.6198538,-118.9829602,,,,,
USC00045280,"MAMMOTH LAKES RANGER STATION, CA US",8/16/2019,,,0,0,0,37.6198538,-118.9829602,,,,,
USC00045280,"MAMMOTH LAKES RANGER STATION, CA US",8/17/2019,,,0,0,0,37.6198538,-118.9829602,,,,,
USC00045280,"MAMMOTH LAKES RANGER STATION, CA US",8/18/2019,,,0,0,0,37.6198538,-118.9829602,,,,,
USC00045280,"MAMMOTH LAKES RANGER STATION, CA US",8/19/2019,,,0,0,0,37.6198538,-118.9829602,,,,,
USC00045280,"MAMMOTH LAKES RANGER STATION, CA US",8/20/2019,,,0,0,0,37.6198538,-118.9829602,,,,,
USC00045280,"MAMMOTH LAKES RANGER STATION, CA US",8/21/2019,,,0,0,0,37.6198538,-118.9829602,,,,,
USC00045280,"MAMMOTH LAKES RANGER STATION, CA US",8/22/2019,,,0,0,0,37.6198538,-118.9829602,,,,,
USC00045280,"MAMMOTH LAKES RANGER STATION, CA US",8/23/2019,,,0,0,0,37.6198538,-118.9829602,,,,,
USC00045280,"MAMMOTH LAKES RANGER STATION, CA US",8/24/2019,,,0,0,0,37.6198538,-118.9829602,,,,,
USC00045280,"MAMMOTH LAKES RANGER STATION, CA US",8/25/2019,,,0,0,0,37.6198538,-118.9829602,,,,,
USC00045280,"MAMMOTH LAKES RANGER STATION, CA US",8/26/2019,,,0,0,0,37.6198538,-118.9829602,,,,,
USC00045280,"MAMMOTH LAKES RANGER STATION, CA US",8/27/2019,,,0,0,0,37.6198538,-118.9829602,,,,,
USC00045280,"MAMMOTH LAKES RANGER STATION, CA US",8/28/2019,,,0,0,0,37.6198538,-118.9829602,,,,,
USC00045280,"MAMMOTH LAKES RANGER STATION, CA US",8/29/2019,,,0,0,0,37.6198538,-118.9829602,,,,,
USC00045280,"MAMMOTH LAKES RANGER STATION, CA US",8/30/2019,,,0,0,0,37.6198538,-118.9829602,,,,,
USC00045280,"MAMMOTH LAKES RANGER STATION, CA US",8/31/2019,,,0,0,0,37.6198538,-118.9829602,,,,,
USC00045280,"MAMMOTH LAKES RANGER STATION, CA US",10/1/2019,,,0,0,0,37.6198538,-118.9829602,,,,,
USC00045280,"MAMMOTH LAKES RANGER STATION, CA US",10/2/2019,,,0,0,0,37.6198538,-118.9829602,,,,,
USC00045280,"MAMMOTH LAKES RANGER STATION, CA US",10/3/2019,,,0,0,0,37.6198538,-118.9829602,,,,,
USC00045280,"MAMMOTH LAKES RANGER STATION, CA US",10/4/2019,,,0,0,0,37.6198538,-118.9829602,,,,,
USC00045280,"MAMMOTH LAKES RANGER STATION, CA US",10/5/2019,,,0,0,0,37.6198538,-118.9829602,,,,,
USC00045280,"MAMMOTH LAKES RANGER STATION, CA US",10/6/2019,,,0,0,0,37.6198538,-118.9829602,,,,,
USC00045280,"MAMMOTH LAKES RANGER STATION, CA US",10/7/2019,,,0,0,0,37.6198538,-118.9829602,,,,,
USC00045280,"MAMMOTH LAKES RANGER STATION, CA US",10/8/2019,,,0,0,0,37.6198538,-118.9829602,,,,,
USC00045280,"MAMMOTH LAKES RANGER STATION, CA US",10/9/2019,,,0,0,0,37.6198538,-118.9829602,,,,,
USC00045280,"MAMMOTH LAKES RANGER STATION, CA US",10/10/2019,,,0,0,0,37.6198538,-118.9829602,,,,,
USC00045280,"MAMMOTH LAKES RANGER STATION, CA US",11/26/2019,,,0,0,0,37.6198538,-118.9829602,,,,,
USC00045280,"MAMMOTH LAKES RANGER STATION, CA US",11/27/2019,,,0.82,13,13,37.6198538,-118.9829602,,,,,
USC00045280,"MAMMOTH LAKES RANGER STATION, CA US",11/29/2019,,,1.19,7,20,37.6198538,-118.9829602,,,,,
USC00045280,"MAMMOTH LAKES RANGER STATION, CA US",11/30/2019,,,0.05,0.5,20,37.6198538,-118.9829602,,,,,
USC00045280,"MAMMOTH LAKES RANGER STATION, CA US",12/1/2019,,,0.23,0.5,22,37.6198538,-118.9829602,,,,,
USC00045280,"MAMMOTH LAKES RANGER STATION, CA US",12/2/2019,,,0.29,0.7,23,37.6198538,-118.9829602,,,,,
USC00045280,"MAMMOTH LAKES RANGER STATION, CA US",12/3/2019,,,0,0,23,37.6198538,-118.9829602,,,,,
USC00045280,"MAMMOTH LAKES RANGER STATION, CA US",12/4/2019,,,0.13,1,19,37.6198538,-118.9829602,,,,,
USC00045280,"MAMMOTH LAKES RANGER STATION, CA US",12/5/2019,,,0.23,2,21,37.6198538,-118.9829602,,,,,
USC00045280,"MAMMOTH LAKES RANGER STATION, CA US",12/6/2019,,,0,0,21,37.6198538,-118.9829602,,,,,
USC00045280,"MAMMOTH LAKES RANGER STATION, CA US",12/7/2019,,,0.27,1,22,37.6198538,-118.9829602,,,,,
USC00045280,"MAMMOTH LAKES RANGER STATION, CA US",12/8/2019,,,1.26,10,32,37.6198538,-118.9829602,,,,,
USC00045280,"MAMMOTH LAKES RANGER STATION, CA US",12/9/2019,,,0,0,30,37.6198538,-118.9829602,,,,,
USC00045280,"MAMMOTH LAKES RANGER STATION, CA US",12/10/2019,,,0,0,27,37.6198538,-118.9829602,,,,,
USC00045280,"MAMMOTH LAKES RANGER STATION, CA US",12/11/2019,,,0,0,23,37.6198538,-118.9829602,,,,,
USC00045280,"MAMMOTH LAKES RANGER STATION, CA US",12/12/2019,,,0,0,19,37.6198538,-118.9829602,,,,,
USC00045280,"MAMMOTH LAKES RANGER STATION, CA US",12/13/2019,,,0,0,14,37.6198538,-118.9829602,,,,,
USC00045280,"MAMMOTH LAKES RANGER STATION, CA US",12/14/2019,,,0.2,0,12,37.6198538,-118.9829602,,,,,
USC00045280,"MAMMOTH LAKES RANGER STATION, CA US",12/15/2019,,,0.06,1,13,37.6198538,-118.9829602,,,,,
USC00045280,"MAMMOTH LAKES RANGER STATION, CA US",12/16/2019,,,0,0,11,37.6198538,-118.9829602,,,,,
USC00045280,"MAMMOTH LAKES RANGER STATION, CA US",12/17/2019,,,0,0,11,37.6198538,-118.9829602,,,,,
USC00045280,"MAMMOTH LAKES RANGER STATION, CA US",12/18/2019,,,0,0,11,37.6198538,-118.9829602,,,,,
USC00045280,"MAMMOTH LAKES RANGER STATION, CA US",12/19/2019,,,0,0,11,37.6198538,-118.9829602,,,,,
USC00045280,"MAMMOTH LAKES RANGER STATION, CA US",12/20/2019,,,0,0,11,37.6198538,-118.9829602,,,,,
USC00045280,"MAMMOTH LAKES RANGER STATION, CA US",12/21/2019,,,0,0,11,37.6198538,-118.9829602,,,,,
USC00045280,"MAMMOTH LAKES RANGER STATION, CA US",12/22/2019,,,0,0,11,37.6198538,-118.9829602,,,,,
USC00045280,"MAMMOTH LAKES RANGER STATION, CA US",12/23/2019,,,0.53,8,19,37.6198538,-118.9829602,,,,,
USC00045280,"MAMMOTH LAKES RANGER STATION, CA US",12/26/2019,,,0.4,3.8,20,37.6198538,-118.9829602,,,,,
USC00045280,"MAMMOTH LAKES RANGER STATION, CA US",12/27/2019,,,0.2,1,21,37.6198538,-118.9829602,,,,,
USC00045280,"MAMMOTH LAKES RANGER STATION, CA US",12/28/2019,,,0,0,21,37.6198538,-118.9829602,,,,,
USC00045280,"MAMMOTH LAKES RANGER STATION, CA US",12/29/2019,,,0,0,18,37.6198538,-118.9829602,,,,,
USC00045280,"MAMMOTH LAKES RANGER STATION, CA US",12/30/2019,,,0.02,1,19,37.6198538,-118.9829602,,,,,
USC00045280,"MAMMOTH LAKES RANGER STATION, CA US",12/31/2019,,,0,0,18,37.6198538,-118.9829602,,,,,
USC00045280,"MAMMOTH LAKES RANGER STATION, CA US",1/1/2020,,,0,0,16,37.6198538,-118.9829602,,,,,
USC00045280,"MAMMOTH LAKES RANGER STATION, CA US",1/2/2020,,,0,0,16,37.6198538,-118.9829602,,,,,
USC00045280,"MAMMOTH LAKES RANGER STATION, CA US",1/3/2020,,,0,0,14,37.6198538,-118.9829602,,,,,
USC00045280,"MAMMOTH LAKES RANGER STATION, CA US",1/4/2020,,,0,0,14,37.6198538,-118.9829602,,,,,
USC00045280,"MAMMOTH LAKES RANGER STATION, CA US",1/5/2020,,,0,0,13,37.6198538,-118.9829602,,,,,
USC00045280,"MAMMOTH LAKES RANGER STATION, CA US",1/6/2020,,,0,0,13,37.6198538,-118.9829602,,,,,
USC00045280,"MAMMOTH LAKES RANGER STATION, CA US",1/7/2020,,,0,0,13,37.6198538,-118.9829602,,,,,
USC00045280,"MAMMOTH LAKES RANGER STATION, CA US",1/8/2020,,,0,0,13,37.6198538,-118.9829602,,,,,
USC00045280,"MAMMOTH LAKES RANGER STATION, CA US",1/9/2020,,,0,0,13,37.6198538,-118.9829602,,,,,
USC00045280,"MAMMOTH LAKES RANGER STATION, CA US",1/10/2020,,,0.01,0,13,37.6198538,-118.9829602,,,,,
USC00045280,"MAMMOTH LAKES RANGER STATION, CA US",1/11/2020,,,0,0,13,37.6198538,-118.9829602,,,,,
USC00045280,"MAMMOTH LAKES RANGER STATION, CA US",1/12/2020,,,0,0,13,37.6198538,-118.9829602,,,,,
USC00045280,"MAMMOTH LAKES RANGER STATION, CA US",1/13/2020,,,0,0,13,37.6198538,-118.9829602,,,,,
USC00045280,"MAMMOTH LAKES RANGER STATION, CA US",1/14/2020,,,0,0,13,37.6198538,-118.9829602,,,,,
USC00045280,"MAMMOTH LAKES RANGER STATION, CA US",1/15/2020,,,0,0,12,37.6198538,-118.9829602,,,,,
USC00045280,"MAMMOTH LAKES RANGER STATION, CA US",1/16/2020,,,0,0,12,37.6198538,-118.9829602,,,,,
USC00045280,"MAMMOTH LAKES RANGER STATION, CA US",1/17/2020,,,0.47,6,18,37.6198538,-118.9829602,,,,,
USC00045280,"MAMMOTH LAKES RANGER STATION, CA US",1/18/2020,,,0,0,18,37.6198538,-118.9829602,,,,,
USC00045280,"MAMMOTH LAKES RANGER STATION, CA US",1/19/2020,,,0,0,17,37.6198538,-118.9829602,,,,,
USC00045280,"MAMMOTH LAKES RANGER STATION, CA US",1/20/2020,,,0,0,,37.6198538,-118.9829602,,,,,
USC00045280,"MAMMOTH LAKES RANGER STATION, CA US",1/21/2020,,,0,0,,37.6198538,-118.9829602,,,,,
USC00045280,"MAMMOTH LAKES RANGER STATION, CA US",1/23/2020,,,0,0,13,37.6198538,-118.9829602,,,,,
USC00045280,"MAMMOTH LAKES RANGER STATION, CA US",1/24/2020,,,0,0,12,37.6198538,-118.9829602,,,,,
USC00045280,"MAMMOTH LAKES RANGER STATION, CA US",1/25/2020,,,0,0,12,37.6198538,-118.9829602,,,,,
USC00045280,"MAMMOTH LAKES RANGER STATION, CA US",1/26/2020,,,0.02,0,12,37.6198538,-118.9829602,,,,,
USC00045280,"MAMMOTH LAKES RANGER STATION, CA US",1/28/2020,,,0,0,11,37.6198538,-118.9829602,,,,,
USC00045280,"MAMMOTH LAKES RANGER STATION, CA US",1/29/2020,,,0,0,11,37.6198538,-118.9829602,,,,,
USC00045280,"MAMMOTH LAKES RANGER STATION, CA US",1/30/2020,,,0,0,11,37.6198538,-118.9829602,,,,,
USC00045280,"MAMMOTH LAKES RANGER STATION, CA US",1/31/2020,,,0,0,11,37.6198538,-118.9829602,,,,,
USC00045280,"MAMMOTH LAKES RANGER STATION, CA US",2/1/2020,,,0,0,10,37.6198538,-118.9829602,,,,,
USC00045280,"MAMMOTH LAKES RANGER STATION, CA US",2/2/2020,,,0,0,8,37.6198538,-118.9829602,,,,,
USC00045280,"MAMMOTH LAKES RANGER STATION, CA US",2/3/2020,,,0.02,0,8,37.6198538,-118.9829602,,,,,
USC00045280,"MAMMOTH LAKES RANGER STATION, CA US",2/4/2020,,,0,0,8,37.6198538,-118.9829602,,,,,
USC00045280,"MAMMOTH LAKES RANGER STATION, CA US",2/5/2020,,,0,0,,37.6198538,-118.9829602,,,,,
USC00045280,"MAMMOTH LAKES RANGER STATION, CA US",2/6/2020,,,0,0,,37.6198538,-118.9829602,,,,,
USC00045280,"MAMMOTH LAKES RANGER STATION, CA US",2/7/2020,,,0,0,5,37.6198538,-118.9829602,,,,,
USC00045280,"MAMMOTH LAKES RANGER STATION, CA US",2/9/2020,,,0,0,2,37.6198538,-118.9829602,,,,,
USC00045280,"MAMMOTH LAKES RANGER STATION, CA US",2/10/2020,,,0,0,2,37.6198538,-118.9829602,,,,,
USC00045280,"MAMMOTH LAKES RANGER STATION, CA US",2/11/2020,,,0,0,2,37.6198538,-118.9829602,,,,,
USC00045280,"MAMMOTH LAKES RANGER STATION, CA US",2/12/2020,,,0,0,1,37.6198538,-118.9829602,,,,,
USC00045280,"MAMMOTH LAKES RANGER STATION, CA US",2/13/2020,,,0,0,1,37.6198538,-118.9829602,,,,,
USC00045280,"MAMMOTH LAKES RANGER STATION, CA US",2/14/2020,,,0,0,1,37.6198538,-118.9829602,,,,,
USC00045280,"MAMMOTH LAKES RANGER STATION, CA US",2/15/2020,,,0,0,0,37.6198538,-118.9829602,,,,,
USC00045280,"MAMMOTH LAKES RANGER STATION, CA US",2/16/2020,,,0,0,0,37.6198538,-118.9829602,,,,,
USC00045280,"MAMMOTH LAKES RANGER STATION, CA US",2/17/2020,,,0,0,0,37.6198538,-118.9829602,,,,,
USC00045280,"MAMMOTH LAKES RANGER STATION, CA US",2/18/2020,,,0,0,0,37.6198538,-118.9829602,,,,,
USC00045280,"MAMMOTH LAKES RANGER STATION, CA US",2/19/2020,,,0,0,0,37.6198538,-118.9829602,,,,,
USC00045280,"MAMMOTH LAKES RANGER STATION, CA US",2/20/2020,,,0,0,0,37.6198538,-118.9829602,,,,,
USC00045280,"MAMMOTH LAKES RANGER STATION, CA US",2/21/2020,,,0,0,0,37.6198538,-118.9829602,,,,,
USC00045280,"MAMMOTH LAKES RANGER STATION, CA US",2/22/2020,,,0,0,0,37.6198538,-118.9829602,,,,,
USC00045280,"MAMMOTH LAKES RANGER STATION, CA US",2/23/2020,,,0.02,0,0,37.6198538,-118.9829602,,,,,
USC00045280,"MAMMOTH LAKES RANGER STATION, CA US",2/24/2020,,,0,0,0,37.6198538,-118.9829602,,,,,
USC00045280,"MAMMOTH LAKES RANGER STATION, CA US",2/25/2020,,,0,0,0,37.6198538,-118.9829602,,,,,
USC00045280,"MAMMOTH LAKES RANGER STATION, CA US",2/26/2020,,,0,0,0,37.6198538,-118.9829602,,,,,
USC00045280,"MAMMOTH LAKES RANGER STATION, CA US",2/27/2020,,,0,0,0,37.6198538,-118.9829602,,,,,
USC00045280,"MAMMOTH LAKES RANGER STATION, CA US",2/28/2020,,,0,0,0,37.6198538,-118.9829602,,,,,
USC00045280,"MAMMOTH LAKES RANGER STATION, CA US",2/29/2020,,,0,0,0,37.6198538,-118.9829602,,,,,
USC00045280,"MAMMOTH LAKES RANGER STATION, CA US",3/1/2020,,,0.23,5,5,37.6198538,-118.9829602,,,,,
USC00045280,"MAMMOTH LAKES RANGER STATION, CA US",3/2/2020,,,0.03,0.5,6,37.6198538,-118.9829602,,,,,
USC00045280,"MAMMOTH LAKES RANGER STATION, CA US",3/3/2020,,,0,0,1,37.6198538,-118.9829602,,,,,
USC00045280,"MAMMOTH LAKES RANGER STATION, CA US",3/4/2020,,,0,0,0,37.6198538,-118.9829602,,,,,
USC00045280,"MAMMOTH LAKES RANGER STATION, CA US",3/5/2020,,,0,0,0,37.6198538,-118.9829602,,,,,
USC00045280,"MAMMOTH LAKES RANGER STATION, CA US",3/6/2020,,,0,0,0,37.6198538,-118.9829602,,,,,
USC00045280,"MAMMOTH LAKES RANGER STATION, CA US",3/7/2020,,,0,0,0,37.6198538,-118.9829602,,,,,
USC00045280,"MAMMOTH LAKES RANGER STATION, CA US",3/8/2020,,,0.05,0.2,0,37.6198538,-118.9829602,,,,,
USC00045280,"MAMMOTH LAKES RANGER STATION, CA US",3/9/2020,,,0,0,0,37.6198538,-118.9829602,,,,,
USC00045280,"MAMMOTH LAKES RANGER STATION, CA US",3/10/2020,,,0,0,0,37.6198538,-118.9829602,,,,,
USC00045280,"MAMMOTH LAKES RANGER STATION, CA US",3/11/2020,,,0.09,2,2,37.6198538,-118.9829602,,,,,
USC00045280,"MAMMOTH LAKES RANGER STATION, CA US",3/12/2020,,,0.02,0,0,37.6198538,-118.9829602,,,,,
USC00045280,"MAMMOTH LAKES RANGER STATION, CA US",3/13/2020,,,0,0,0,37.6198538,-118.9829602,,,,,
USC00045280,"MAMMOTH LAKES RANGER STATION, CA US",3/14/2020,,,0.02,0,0,37.6198538,-118.9829602,,,,,
USC00045280,"MAMMOTH LAKES RANGER STATION, CA US",3/15/2020,,,0.3,3.7,4,37.6198538,-118.9829602,,,,,
USC00045280,"MAMMOTH LAKES RANGER STATION, CA US",3/16/2020,,,0.2,3.5,6,37.6198538,-118.9829602,,,,,
USC00045280,"MAMMOTH LAKES RANGER STATION, CA US",4/14/2020,,,0,0,,37.6198538,-118.9829602,,,,,
USC00045280,"MAMMOTH LAKES RANGER STATION, CA US",4/15/2020,,,0,0,,37.6198538,-118.9829602,,,,,
USC00045280,"MAMMOTH LAKES RANGER STATION, CA US",4/16/2020,,,0,0,,37.6198538,-118.9829602,,,,,
USC00045280,"MAMMOTH LAKES RANGER STATION, CA US",4/17/2020,,,0,0,,37.6198538,-118.9829602,,,,,
USC00045280,"MAMMOTH LAKES RANGER STATION, CA US",5/6/2020,,,0,0,0,37.6198538,-118.9829602,,,,,
USC00045280,"MAMMOTH LAKES RANGER STATION, CA US",5/7/2020,,,0,0,0,37.6198538,-118.9829602,,,,,
USC00045280,"MAMMOTH LAKES RANGER STATION, CA US",5/11/2020,,,0,0,0,37.6198538,-118.9829602,,,,,
USC00045280,"MAMMOTH LAKES RANGER STATION, CA US",5/12/2020,,,0,0,0,37.6198538,-118.9829602,,,,,
USC00045280,"MAMMOTH LAKES RANGER STATION, CA US",5/13/2020,,,0,0,0,37.6198538,-118.9829602,,,,,
USC00045280,"MAMMOTH LAKES RANGER STATION, CA US",5/14/2020,,,0,0,0,37.6198538,-118.9829602,,,,,
USC00045280,"MAMMOTH LAKES RANGER STATION, CA US",5/19/2020,,,0,0,0,37.6198538,-118.9829602,,,,,
USC00045280,"MAMMOTH LAKES RANGER STATION, CA US",5/20/2020,,,0,0,0,37.6198538,-118.9829602,,,,,
USC00045280,"MAMMOTH LAKES RANGER STATION, CA US",5/21/2020,,,0,0,0,37.6198538,-118.9829602,,,,,
USC00045280,"MAMMOTH LAKES RANGER STATION, CA US",11/1/2020,,,0,0,0,37.6198538,-118.9829602,,,,,
USC00045280,"MAMMOTH LAKES RANGER STATION, CA US",11/2/2020,,,0,0,0,37.6198538,-118.9829602,,,,,
USC00045280,"MAMMOTH LAKES RANGER STATION, CA US",11/3/2020,,,0,0,0,37.6198538,-118.9829602,,,,,
USC00045280,"MAMMOTH LAKES RANGER STATION, CA US",11/4/2020,,,0,0,0,37.6198538,-118.9829602,,,,,
USC00045280,"MAMMOTH LAKES RANGER STATION, CA US",11/5/2020,,,0,0,0,37.6198538,-118.9829602,,,,,
USC00045280,"MAMMOTH LAKES RANGER STATION, CA US",11/6/2020,,,0,0,0,37.6198538,-118.9829602,,,,,
USC00045280,"MAMMOTH LAKES RANGER STATION, CA US",11/7/2020,,,0,0,0,37.6198538,-118.9829602,,,,,
USC00045280,"MAMMOTH LAKES RANGER STATION, CA US",11/9/2020,,,0.53,4.6,5,37.6198538,-118.9829602,,,,,
USC00045280,"MAMMOTH LAKES RANGER STATION, CA US",11/10/2020,,,0,0,,37.6198538,-118.9829602,,,,,
USC00045280,"MAMMOTH LAKES RANGER STATION, CA US",11/11/2020,,,0,0,,37.6198538,-118.9829602,,,,,
USC00045280,"MAMMOTH LAKES RANGER STATION, CA US",11/12/2020,,,0,0,,37.6198538,-118.9829602,,,,,
USC00045280,"MAMMOTH LAKES RANGER STATION, CA US",11/13/2020,,,0,0,,37.6198538,-118.9829602,,,,,
USC00045280,"MAMMOTH LAKES RANGER STATION, CA US",11/14/2020,,,0,0,0,37.6198538,-118.9829602,,,,,
USC00045280,"MAMMOTH LAKES RANGER STATION, CA US",11/15/2020,,,0,0,0,37.6198538,-118.9829602,,,,,
USC00045280,"MAMMOTH LAKES RANGER STATION, CA US",11/16/2020,,,0,0,0,37.6198538,-118.9829602,,,,,
USC00045280,"MAMMOTH LAKES RANGER STATION, CA US",11/17/2020,,,0,0,0,37.6198538,-118.9829602,,,,,
USC00045280,"MAMMOTH LAKES RANGER STATION, CA US",11/19/2020,,,0.44,2,2,37.6198538,-118.9829602,,,,,
USC00045280,"MAMMOTH LAKES RANGER STATION, CA US",11/20/2020,,,0,0,1,37.6198538,-118.9829602,,,,,
USC00045280,"MAMMOTH LAKES RANGER STATION, CA US",11/21/2020,,,0,0,1,37.6198538,-118.9829602,,,,,
USC00045280,"MAMMOTH LAKES RANGER STATION, CA US",11/22/2020,,,0,0,1,37.6198538,-118.9829602,,,,,
USC00045280,"MAMMOTH LAKES RANGER STATION, CA US",11/23/2020,,,0,0,1,37.6198538,-118.9829602,,,,,
USC00045280,"MAMMOTH LAKES RANGER STATION, CA US",11/24/2020,,,0,0,1,37.6198538,-118.9829602,,,,,
USC00045280,"MAMMOTH LAKES RANGER STATION, CA US",11/25/2020,,,0,0,1,37.6198538,-118.9829602,,,,,
USC00045280,"MAMMOTH LAKES RANGER STATION, CA US",11/26/2020,,,0,0,0,37.6198538,-118.9829602,,,,,
USC00045280,"MAMMOTH LAKES RANGER STATION, CA US",11/27/2020,,,0,0,0,37.6198538,-118.9829602,,,,,
USC00045280,"MAMMOTH LAKES RANGER STATION, CA US",11/28/2020,,,0,0,0,37.6198538,-118.9829602,,,,,
USC00045280,"MAMMOTH LAKES RANGER STATION, CA US",11/29/2020,,,0,0,0,37.6198538,-118.9829602,,,,,
USC00045280,"MAMMOTH LAKES RANGER STATION, CA US",11/30/2020,,,0,0,0,37.6198538,-118.9829602,,,,,
USC00045280,"MAMMOTH LAKES RANGER STATION, CA US",12/12/2020,,,0.13,2.5,3,37.6198538,-118.9829602,,,,,
USC00045280,"MAMMOTH LAKES RANGER STATION, CA US",12/13/2020,,,0,0,1,37.6198538,-118.9829602,,,,,
USC00045280,"MAMMOTH LAKES RANGER STATION, CA US",12/14/2020,,,0.4,5,5,37.6198538,-118.9829602,,,,,
USC00045280,"MAMMOTH LAKES RANGER STATION, CA US",12/17/2020,,,0.4,3,8,37.6198538,-118.9829602,,,,,
USC00045280,"MAMMOTH LAKES RANGER STATION, CA US",12/18/2020,,,0.09,1,7,37.6198538,-118.9829602,,,,,
USC00045280,"MAMMOTH LAKES RANGER STATION, CA US",12/19/2020,,,0,0,6,37.6198538,-118.9829602,,,,,
USC00045280,"MAMMOTH LAKES RANGER STATION, CA US",12/20/2020,,,0,0,4,37.6198538,-118.9829602,,,,,
USC00045280,"MAMMOTH LAKES RANGER STATION, CA US",12/21/2020,,,0,0,3,37.6198538,-118.9829602,,,,,
USC00045280,"MAMMOTH LAKES RANGER STATION, CA US",12/26/2020,,,0.06,1,3,37.6198538,-118.9829602,,,,,
USC00045280,"MAMMOTH LAKES RANGER STATION, CA US",12/27/2020,,,0,0,2,37.6198538,-118.9829602,,,,,
USC00045280,"MAMMOTH LAKES RANGER STATION, CA US",12/28/2020,,,0.3,5,7,37.6198538,-118.9829602,,,,,
USC00045280,"MAMMOTH LAKES RANGER STATION, CA US",1/1/2021,,,0,0,3,37.6198538,-118.9829602,,,,,
USC00045280,"MAMMOTH LAKES RANGER STATION, CA US",1/2/2021,,,0,0,3,37.6198538,-118.9829602,,,,,
USC00045280,"MAMMOTH LAKES RANGER STATION, CA US",1/3/2021,,,0,0,3,37.6198538,-118.9829602,,,,,
USC00045280,"MAMMOTH LAKES RANGER STATION, CA US",1/4/2021,,,0,0,3,37.6198538,-118.9829602,,,,,
USC00045280,"MAMMOTH LAKES RANGER STATION, CA US",1/5/2021,,,0,0,3,37.6198538,-118.9829602,,,,,
USC00045280,"MAMMOTH LAKES RANGER STATION, CA US",1/6/2021,,,0,0,2,37.6198538,-118.9829602,,,,,
USC00045280,"MAMMOTH LAKES RANGER STATION, CA US",1/7/2021,,,0,0,1,37.6198538,-118.9829602,,,,,
USC00045280,"MAMMOTH LAKES RANGER STATION, CA US",1/8/2021,,,0,0,1,37.6198538,-118.9829602,,,,,
USC00045280,"MAMMOTH LAKES RANGER STATION, CA US",1/9/2021,,,0,0,1,37.6198538,-118.9829602,,,,,
USC00045280,"MAMMOTH LAKES RANGER STATION, CA US",1/10/2021,,,0,0,1,37.6198538,-118.9829602,,,,,
USC00045280,"MAMMOTH LAKES RANGER STATION, CA US",1/11/2021,,,0,0,1,37.6198538,-118.9829602,,,,,
USC00045280,"MAMMOTH LAKES RANGER STATION, CA US",1/12/2021,,,0,0,1,37.6198538,-118.9829602,,,,,
USC00045280,"MAMMOTH LAKES RANGER STATION, CA US",1/13/2021,,,0,0,1,37.6198538,-118.9829602,,,,,
USC00045280,"MAMMOTH LAKES RANGER STATION, CA US",1/14/2021,,,0,0,1,37.6198538,-118.9829602,,,,,
USC00045280,"MAMMOTH LAKES RANGER STATION, CA US",1/15/2021,,,0,0,1,37.6198538,-118.9829602,,,,,
USC00045280,"MAMMOTH LAKES RANGER STATION, CA US",1/16/2021,,,0,0,0,37.6198538,-118.9829602,,,,,
USC00045280,"MAMMOTH LAKES RANGER STATION, CA US",1/17/2021,,,0,0,0,37.6198538,-118.9829602,,,,,
USC00045280,"MAMMOTH LAKES RANGER STATION, CA US",1/18/2021,,,0,0,0,37.6198538,-118.9829602,,,,,
USC00045280,"MAMMOTH LAKES RANGER STATION, CA US",1/19/2021,,,0,0,0,37.6198538,-118.9829602,,,,,
USC00045280,"MAMMOTH LAKES RANGER STATION, CA US",1/20/2021,,,0,0,0,37.6198538,-118.9829602,,,,,
USC00045280,"MAMMOTH LAKES RANGER STATION, CA US",1/21/2021,,,0,0,0,37.6198538,-118.9829602,,,,,
USC00045280,"MAMMOTH LAKES RANGER STATION, CA US",1/22/2021,,,0,0,0,37.6198538,-118.9829602,,,,,
USC00045280,"MAMMOTH LAKES RANGER STATION, CA US",1/23/2021,,,0.1,1,1,37.6198538,-118.9829602,,,,,
USC00045280,"MAMMOTH LAKES RANGER STATION, CA US",1/24/2021,,,0.1,1.5,3,37.6198538,-118.9829602,,,,,
USC00045280,"MAMMOTH LAKES RANGER STATION, CA US",1/25/2021,,,0.1,2,4,37.6198538,-118.9829602,,,,,
USC00045280,"MAMMOTH LAKES RANGER STATION, CA US",2/6/2021,,,,0,,37.6198538,-118.9829602,,,,,
USC00045280,"MAMMOTH LAKES RANGER STATION, CA US",2/12/2021,,,2.15,12,19,37.6198538,-118.9829602,,,,,
USC00045280,"MAMMOTH LAKES RANGER STATION, CA US",2/14/2021,,,0,0,17,37.6198538,-118.9829602,,,,,
USC00045280,"MAMMOTH LAKES RANGER STATION, CA US",3/5/2021,,,0,0,0,37.6198538,-118.9829602,,,,,
USC00045280,"MAMMOTH LAKES RANGER STATION, CA US",3/6/2021,,,0,0,0,37.6198538,-118.9829602,,,,,
USC00045280,"MAMMOTH LAKES RANGER STATION, CA US",3/12/2021,,,0.35,4,6,37.6198538,-118.9829602,,,,,
USC00045280,"MAMMOTH LAKES RANGER STATION, CA US",3/13/2021,,,0.1,3,5,37.6198538,-118.9829602,,,,,
USC00045280,"MAMMOTH LAKES RANGER STATION, CA US",3/14/2021,,,0,0,1,37.6198538,-118.9829602,,,,,
USC00045280,"MAMMOTH LAKES RANGER STATION, CA US",3/18/2021,,,0,0,0,37.6198538,-118.9829602,,,,,
USC00045280,"MAMMOTH LAKES RANGER STATION, CA US",3/19/2021,,,0.05,0.2,0,37.6198538,-118.9829602,,,,,
USC00045280,"MAMMOTH LAKES RANGER STATION, CA US",3/20/2021,,,0.5,8,7,37.6198538,-118.9829602,,,,,
USC00045280,"MAMMOTH LAKES RANGER STATION, CA US",3/21/2021,,,0,0,5,37.6198538,-118.9829602,,,,,
USC00045280,"MAMMOTH LAKES RANGER STATION, CA US",3/22/2021,,,0,0,4,37.6198538,-118.9829602,,,,,
USC00045280,"MAMMOTH LAKES RANGER STATION, CA US",3/25/2021,,,0,0,0,37.6198538,-118.9829602,,,,,
USC00045280,"MAMMOTH LAKES RANGER STATION, CA US",3/27/2021,,,0,0,0,37.6198538,-118.9829602,,,,,
USC00045280,"MAMMOTH LAKES RANGER STATION, CA US",6/1/2021,,,0,0,0,37.6198538,-118.9829602,,,,,
USC00045280,"MAMMOTH LAKES RANGER STATION, CA US",6/2/2021,,,0,0,0,37.6198538,-118.9829602,,,,,
USC00045280,"MAMMOTH LAKES RANGER STATION, CA US",6/3/2021,,,0,0,0,37.6198538,-118.9829602,,,,,
USC00045280,"MAMMOTH LAKES RANGER STATION, CA US",6/4/2021,,,0,0,0,37.6198538,-118.9829602,,,,,
USC00045280,"MAMMOTH LAKES RANGER STATION, CA US",6/5/2021,,,0,0,0,37.6198538,-118.9829602,,,,,
USC00045280,"MAMMOTH LAKES RANGER STATION, CA US",6/6/2021,,,0,0,0,37.6198538,-118.9829602,,,,,
USC00045280,"MAMMOTH LAKES RANGER STATION, CA US",6/7/2021,,,0,0,0,37.6198538,-118.9829602,,,,,
USC00045280,"MAMMOTH LAKES RANGER STATION, CA US",6/8/2021,,,0,0,0,37.6198538,-118.9829602,,,,,
USC00045280,"MAMMOTH LAKES RANGER STATION, CA US",6/9/2021,,,0,0,0,37.6198538,-118.9829602,,,,,
USC00045280,"MAMMOTH LAKES RANGER STATION, CA US",6/10/2021,,,0,0,0,37.6198538,-118.9829602,,,,,
USC00045280,"MAMMOTH LAKES RANGER STATION, CA US",6/11/2021,,,0,0,0,37.6198538,-118.9829602,,,,,
USC00045280,"MAMMOTH LAKES RANGER STATION, CA US",6/12/2021,,,0,0,0,37.6198538,-118.9829602,,,,,
USC00045280,"MAMMOTH LAKES RANGER STATION, CA US",6/13/2021,,,0,0,0,37.6198538,-118.9829602,,,,,
USC00045280,"MAMMOTH LAKES RANGER STATION, CA US",6/14/2021,,,0,0,0,37.6198538,-118.9829602,,,,,
USC00045280,"MAMMOTH LAKES RANGER STATION, CA US",6/15/2021,,,0,0,0,37.6198538,-118.9829602,,,,,
USC00045280,"MAMMOTH LAKES RANGER STATION, CA US",6/16/2021,,,0,0,0,37.6198538,-118.9829602,,,,,
USC00045280,"MAMMOTH LAKES RANGER STATION, CA US",6/17/2021,,,0,0,0,37.6198538,-118.9829602,,,,,
USC00045280,"MAMMOTH LAKES RANGER STATION, CA US",6/18/2021,,,0,0,0,37.6198538,-118.9829602,,,,,
USC00045280,"MAMMOTH LAKES RANGER STATION, CA US",6/19/2021,,,0,0,0,37.6198538,-118.9829602,,,,,
USC00045280,"MAMMOTH LAKES RANGER STATION, CA US",6/20/2021,,,0,0,0,37.6198538,-118.9829602,,,,,
USC00045280,"MAMMOTH LAKES RANGER STATION, CA US",6/21/2021,,,0,0,0,37.6198538,-118.9829602,,,,,
USC00045280,"MAMMOTH LAKES RANGER STATION, CA US",6/22/2021,,,0,0,0,37.6198538,-118.9829602,,,,,
USC00045280,"MAMMOTH LAKES RANGER STATION, CA US",6/23/2021,,,0,0,0,37.6198538,-118.9829602,,,,,
USC00045280,"MAMMOTH LAKES RANGER STATION, CA US",6/24/2021,,,0,0,0,37.6198538,-118.9829602,,,,,
USC00045280,"MAMMOTH LAKES RANGER STATION, CA US",6/25/2021,,,0,0,0,37.6198538,-118.9829602,,,,,
USC00045280,"MAMMOTH LAKES RANGER STATION, CA US",6/26/2021,,,0,0,0,37.6198538,-118.9829602,,,,,
USC00045280,"MAMMOTH LAKES RANGER STATION, CA US",6/27/2021,,,0,0,0,37.6198538,-118.9829602,,,,,
USC00045280,"MAMMOTH LAKES RANGER STATION, CA US",6/28/2021,,,0,0,0,37.6198538,-118.9829602,,,,,
USC00045280,"MAMMOTH LAKES RANGER STATION, CA US",6/29/2021,,,0,0,0,37.6198538,-118.9829602,,,,,
USC00045280,"MAMMOTH LAKES RANGER STATION, CA US",6/30/2021,,,0,0,0,37.6198538,-118.9829602,,,,,
USC00045280,"MAMMOTH LAKES RANGER STATION, CA US",7/1/2021,,,0,0,0,37.6198538,-118.9829602,,,,,
USC00045280,"MAMMOTH LAKES RANGER STATION, CA US",7/2/2021,,,0,0,0,37.6198538,-118.9829602,,,,,
USC00045280,"MAMMOTH LAKES RANGER STATION, CA US",7/3/2021,,,0,0,0,37.6198538,-118.9829602,,,,,
USC00045280,"MAMMOTH LAKES RANGER STATION, CA US",7/4/2021,,,0,0,0,37.6198538,-118.9829602,,,,,
USC00045280,"MAMMOTH LAKES RANGER STATION, CA US",7/5/2021,,,0,0,0,37.6198538,-118.9829602,,,,,
USC00045280,"MAMMOTH LAKES RANGER STATION, CA US",7/6/2021,,,0,0,0,37.6198538,-118.9829602,,,,,
USC00045280,"MAMMOTH LAKES RANGER STATION, CA US",7/7/2021,,,0,0,0,37.6198538,-118.9829602,,,,,
USC00045280,"MAMMOTH LAKES RANGER STATION, CA US",7/8/2021,,,0,0,0,37.6198538,-118.9829602,,,,,
USC00045280,"MAMMOTH LAKES RANGER STATION, CA US",7/9/2021,,,0,0,0,37.6198538,-118.9829602,,,,,
USC00045280,"MAMMOTH LAKES RANGER STATION, CA US",7/10/2021,,,0,0,0,37.6198538,-118.9829602,,,,,
USC00045280,"MAMMOTH LAKES RANGER STATION, CA US",7/11/2021,,,0,0,0,37.6198538,-118.9829602,,,,,
USC00045280,"MAMMOTH LAKES RANGER STATION, CA US",7/12/2021,,,0,0,0,37.6198538,-118.9829602,,,,,
USC00045280,"MAMMOTH LAKES RANGER STATION, CA US",7/13/2021,,,0,0,0,37.6198538,-118.9829602,,,,,
USC00045280,"MAMMOTH LAKES RANGER STATION, CA US",7/14/2021,,,0,0,0,37.6198538,-118.9829602,,,,,
USC00045280,"MAMMOTH LAKES RANGER STATION, CA US",7/15/2021,,,0,0,0,37.6198538,-118.9829602,,,,,
USC00045280,"MAMMOTH LAKES RANGER STATION, CA US",7/16/2021,,,0,0,0,37.6198538,-118.9829602,,,,,
USC00045280,"MAMMOTH LAKES RANGER STATION, CA US",7/17/2021,,,0,0,0,37.6198538,-118.9829602,,,,,
USC00045280,"MAMMOTH LAKES RANGER STATION, CA US",7/18/2021,,,0,0,0,37.6198538,-118.9829602,,,,,
USC00045280,"MAMMOTH LAKES RANGER STATION, CA US",7/19/2021,,,0,0,0,37.6198538,-118.9829602,,,,,
USC00045280,"MAMMOTH LAKES RANGER STATION, CA US",7/20/2021,,,0,0,0,37.6198538,-118.9829602,,,,,
USC00045280,"MAMMOTH LAKES RANGER STATION, CA US",7/21/2021,,,0,0,0,37.6198538,-118.9829602,,,,,
USC00045280,"MAMMOTH LAKES RANGER STATION, CA US",7/22/2021,,,0,0,0,37.6198538,-118.9829602,,,,,
USC00045280,"MAMMOTH LAKES RANGER STATION, CA US",7/23/2021,,,0,0,0,37.6198538,-118.9829602,,,,,
USC00045280,"MAMMOTH LAKES RANGER STATION, CA US",7/24/2021,,,0,0,0,37.6198538,-118.9829602,,,,,
USC00045280,"MAMMOTH LAKES RANGER STATION, CA US",7/25/2021,,,0,0,0,37.6198538,-118.9829602,,,,,
USC00045280,"MAMMOTH LAKES RANGER STATION, CA US",7/26/2021,,,0,0,0,37.6198538,-118.9829602,,,,,
USC00045280,"MAMMOTH LAKES RANGER STATION, CA US",7/27/2021,,,0,0,0,37.6198538,-118.9829602,,,,,
USC00045280,"MAMMOTH LAKES RANGER STATION, CA US",7/28/2021,,,0,0,0,37.6198538,-118.9829602,,,,,
USC00045280,"MAMMOTH LAKES RANGER STATION, CA US",7/29/2021,,,0,0,0,37.6198538,-118.9829602,,,,,
USC00045280,"MAMMOTH LAKES RANGER STATION, CA US",7/30/2021,,,0,0,0,37.6198538,-118.9829602,,,,,
USC00045280,"MAMMOTH LAKES RANGER STATION, CA US",7/31/2021,,,0,0,0,37.6198538,-118.9829602,,,,,
USC00045280,"MAMMOTH LAKES RANGER STATION, CA US",8/1/2021,,,0,0,0,37.6198538,-118.9829602,,,,,
USC00045280,"MAMMOTH LAKES RANGER STATION, CA US",8/2/2021,,,0,0,0,37.6198538,-118.9829602,,,,,
USC00045280,"MAMMOTH LAKES RANGER STATION, CA US",8/3/2021,,,0,0,0,37.6198538,-118.9829602,,,,,
USC00045280,"MAMMOTH LAKES RANGER STATION, CA US",8/4/2021,,,0,0,0,37.6198538,-118.9829602,,,,,
USC00045280,"MAMMOTH LAKES RANGER STATION, CA US",8/5/2021,,,0,0,0,37.6198538,-118.9829602,,,,,
USC00045280,"MAMMOTH LAKES RANGER STATION, CA US",8/6/2021,,,0,0,0,37.6198538,-118.9829602,,,,,
USC00045280,"MAMMOTH LAKES RANGER STATION, CA US",8/7/2021,,,0,0,0,37.6198538,-118.9829602,,,,,
USC00045280,"MAMMOTH LAKES RANGER STATION, CA US",8/8/2021,,,0,0,0,37.6198538,-118.9829602,,,,,
USC00045280,"MAMMOTH LAKES RANGER STATION, CA US",8/9/2021,,,0,0,0,37.6198538,-118.9829602,,,,,
USC00045280,"MAMMOTH LAKES RANGER STATION, CA US",8/10/2021,,,0,0,0,37.6198538,-118.9829602,,,,,
USC00045280,"MAMMOTH LAKES RANGER STATION, CA US",8/11/2021,,,0,0,0,37.6198538,-118.9829602,,,,,
USC00045280,"MAMMOTH LAKES RANGER STATION, CA US",8/12/2021,,,0,0,0,37.6198538,-118.9829602,,,,,
USC00045280,"MAMMOTH LAKES RANGER STATION, CA US",8/13/2021,,,0,0,0,37.6198538,-118.9829602,,,,,
USC00045280,"MAMMOTH LAKES RANGER STATION, CA US",8/14/2021,,,0,0,0,37.6198538,-118.9829602,,,,,
USC00045280,"MAMMOTH LAKES RANGER STATION, CA US",8/15/2021,,,0,0,0,37.6198538,-118.9829602,,,,,
USC00045280,"MAMMOTH LAKES RANGER STATION, CA US",8/16/2021,,,0,0,0,37.6198538,-118.9829602,,,,,
USC00045280,"MAMMOTH LAKES RANGER STATION, CA US",8/17/2021,,,0,0,0,37.6198538,-118.9829602,,,,,
USC00045280,"MAMMOTH LAKES RANGER STATION, CA US",8/18/2021,,,0,0,0,37.6198538,-118.9829602,,,,,
USC00045280,"MAMMOTH LAKES RANGER STATION, CA US",8/19/2021,,,0,0,0,37.6198538,-118.9829602,,,,,
USC00045280,"MAMMOTH LAKES RANGER STATION, CA US",8/20/2021,,,0,0,0,37.6198538,-118.9829602,,,,,
USC00045280,"MAMMOTH LAKES RANGER STATION, CA US",8/21/2021,,,0,0,0,37.6198538,-118.9829602,,,,,
USC00045280,"MAMMOTH LAKES RANGER STATION, CA US",8/22/2021,,,0,0,0,37.6198538,-118.9829602,,,,,
USC00045280,"MAMMOTH LAKES RANGER STATION, CA US",8/23/2021,,,0,0,0,37.6198538,-118.9829602,,,,,
USC00045280,"MAMMOTH LAKES RANGER STATION, CA US",8/24/2021,,,0,0,0,37.6198538,-118.9829602,,,,,
USC00045280,"MAMMOTH LAKES RANGER STATION, CA US",8/25/2021,,,0,0,0,37.6198538,-118.9829602,,,,,
USC00045280,"MAMMOTH LAKES RANGER STATION, CA US",8/26/2021,,,0,0,0,37.6198538,-118.9829602,,,,,
USC00045280,"MAMMOTH LAKES RANGER STATION, CA US",8/27/2021,,,0,0,0,37.6198538,-118.9829602,,,,,
USC00045280,"MAMMOTH LAKES RANGER STATION, CA US",8/28/2021,,,0,0,0,37.6198538,-118.9829602,,,,,
USC00045280,"MAMMOTH LAKES RANGER STATION, CA US",8/29/2021,,,0,0,0,37.6198538,-118.9829602,,,,,
USC00045280,"MAMMOTH LAKES RANGER STATION, CA US",8/30/2021,,,0,0,0,37.6198538,-118.9829602,,,,,
USC00045280,"MAMMOTH LAKES RANGER STATION, CA US",8/31/2021,,,0,0,0,37.6198538,-118.9829602,,,,,
USC00045280,"MAMMOTH LAKES RANGER STATION, CA US",11/14/2021,,,0,0,0,37.6198538,-118.9829602,,,,,
USC00045280,"MAMMOTH LAKES RANGER STATION, CA US",11/19/2021,,,0,0,0,37.6198538,-118.9829602,,,,,
,,,,,,,,,,,,,,
,,,,,,,,,,,,,median,average
,,,,,,,,,,,,,0,0.587066929
